text,label
রানু মন্ডল নিজেকে শেষ করে দিলেন। ,Personal
"এদিকে রুপার বুকে তিল আছে, এটা আমার ভাইয়া কিভাবে জানতে পারলো, ভাবতে থাকা হিমু। ",Personal
"তাদের পরিকল্পনা ছিল, নিজেদের ভিডিও করে পর্ণগ্রাফিতে ছেড়ে টাকা ইনকাম। ",Personal
অনেকদিন পর জেলে যাচ্ছি তাই পুলিশের সাথে সেলফি। ,Personal
নায়ককে মারার জন্য অনেক গুন্ডা পাঠায় তখন গুন্ডা আর নায়ক। ,Personal
"পলাশীর যুদ্ধ শেষে মীরজাফর, আপনার সাথে একটু বেইমানি করছি, কিছু মনে কইরেন না।",Geopolitical
"করিডোর, অবকাঠামো সব ভারতের, চুক্তি অনুযায়ী আমরা কাঠালের বিচিগুলো পাবো তো? ",Geopolitical
বাবা বলোতো বেনানা শব্দের অর্থ কি? যার কোন নানা নাই তাকেই বেনানা বলে। ,Neutral
ভাই ভাবীকে নিয়ে আসেন নি? না স্যার! ও প্রেগন্যান্ট। ,Neutral
এই মেয়ের সাহস দেখলে অবাক হয়ে যাবেন। ,Personal
"রিলেশনটা কতো দিনের সেটা বড়ো বিষয় নয়, তার কাছে তোমার গুরুত্ব কতোটা সেটাই বড়ো বিষয়। ",Neutral
"তুই আর আমি তো একই, দুইজনেই গান গাই। ",Neutral
দালালের কাছ থেকে সিরিয়াল কিনে পরীক্ষা। ,Personal
চোরাই বিয়া খাওয়ার সময় যখন দুই পক্ষের লোক আপনাদের  দিকে আসতে থাকে। ,Neutral
আনুশকা দিহান ইস্যু নিয়ে বাঘের গর্জন দিলেন বেনজির আহমেদ আইজিপি। ,Personal
এখনকার দিনে ৭০% মেয়েরা এভাবে সেলফি তোলে। ,Neutral
ইশ! আবার ইংরেজী মারাও ?  ওয়ান টু তে খালাস কইরা দিমু।,Personal
"ছোট বাই এর এই অবস্থা দেখে আমি, যেমন কর্ম তেমন ফল। ",Neutral
এখানে যতœসহকারে এক্সদের চাবকে সোঁজা করে দেয়া হয়। ,Personal
"কি কইতাম, অমানুষের বাচ্চাগরে। কি আর বলা যায় এই অমানুষের বাচ্চাগোরে?",Personal
যখন দেখি চাচাতো ভাই আমার সর্বনাশ করতে যেয়ে আরো উল্টা সে-ই অপমানিত হচ্ছে। ,Neutral
"আরে চলবে চলবে, যা আনছো দেখাও তারাতারি। ",Neutral
"কোনো উপায় না দেখে বাড়িতে যখন বলি, আব্বু আমি বিয়ে করতে চাই । ",Neutral
"রাগ উঠলে মাথা ঠিক থাকে না, মাথাটা একদম গরম হইয়া যায়। ",Personal
আবার ভারতীয় পতাকার শাড়ি পড়ে হাসিনা বাংলাদেশের স্বাধীনতা দিবসের রাষ্ট্রীয় অনুষ্ঠানে। ,Geopolitical
"এই,আমার জুতাটা সুন্দর হইসে না? বসুন্ধরা সিটি থেকে কিনেছি। ",Neutral
থলের বিড়াল বেরিয়ে আসা শুরু করলেই হায়নারা ক্রসফায়ার নাটক শুরু করে। ,Geopolitical
অনেকদিন পর স্কুলে আসায় একটু ভাব নিয়ে ঢুকতেছি। ,Neutral
"তেমন কিছু না, শুক্রবারে জুম্মার পর আল্লাহর কাছে মনেপ্রাণে দোয়া করছি যাতে আমার তাড়াতাড়ি বিয়ে হয়। ",Neutral
আজকে আমি পড়াব কি জানো? বাংলা সিনেমার ইতিকথা। ,Neutral
৫ বছর আগের জীবনানন্দ দাস চত্বর আর এখনকার জীবনানন্দদাস চত্বর। ,Neutral
ভালবাসা দিবি কিনা বল? কেউ আমারে বাঁচা। ,Neutral
চিনে রাখুন এই মালাউনটি কে। এই মালাউন হলো দেশদ্রোহী। ,Religious
"ধরা খাইলে জামিন নাই, ধরা খাইলে গুষ্টি মারা সারা।  ",Personal
তরে মাইরা আমি ঘুমামু।  তোরে না মাইরা আমি ঘুমামু না। ,Personal
"এদিকে কোমা থেকে উঠে যখন জীনকে দেখে বলি, আরে হোয়াটস আপ ব্রো! আমার সাহস দেখে বেচারা জীন। ",Neutral
"ঈদ শপিং নিয়ে মাথা ব্যাথা নেই, তাহলে আপনি বড় হয়ে গেছেন। ",Neutral
"শিবির রগ কাটে আর ছাত্রলীগ মাথা কাটে, পুলিশ সেই মাথা খুঁজে বেড়ায়। ",Geopolitical
"চুদে চাটনি, বেকার খাটনি। ",Personal
গ্যাস বিক্রি করতে রাজী হইনি বলে ২০০১ এ ক্ষমতায় আসতে পারিনি। ,Political
"তুই যদি আমার হইতি, আমি হইতাম তোর। না বানাইতাম যদ্ধাপরাধী, না বানাইতাম চোর।",Geopolitical
"বৃষ্টিতে ধুয়ে গেছে রক্তের লাল, মুছেনি তো হৃদয়ের দগদগে ক্ষত।",Religious
"কি সাংঘাতিক মেয়েরে বাবা, পাশে বসে ঘাড়ে হাত দিতে বলে। ",Personal
মাওলানা নিজামীল রিভিউ খরিজের আগে ভারতীয় হাইকমিশনারের বৈঠক প্রধান বিচারপতির সাথে। ফাঁসির পর হাসিনাকে আমন্ত্রণ। ,Geopolitical
এই কাঁটা ঘায়ে চিলি সস দেবে না। ,Neutral
সাব্বির নামের ছেলেদের জন্মই হয়েছে কাজের মেয়েদের সাথে প্রেম করার জন্য। ,Neutral
যেীন জাগরনের এইডস সরকারের অবস্থা দেখুন। রাস্তার মধ্যে তেতুল লীলায় মেতে উঠেছে। ,Personal
"তিতলি আমাকে একবার দে, আমিও একটু উড়াই। ",Neutral
দেশের বাজারে সয়লাব ভারতীয় ভোজাল খাবার অবাধে চলছে। বাংলাদেশে এসব পণ্য নিষিদ্ধ করতে হবে। ,Geopolitical
গ্রিন টি টা কোন কেঁটলিতে পাবো ?,Neutral
পরীক্ষার সময় প্রশ্নের উত্তর না লিখতে পারার জন্য মোহর কে উত্তর কানে কানে বলে দিয়ে সাহায্য করছে শঙ্খ স্যার। ,Neutral
ঢাকা থেকে চট্টগ্রামে যাবেন মাত্র ৫৫ মিনিটে।,Neutral
"প্রিয়! হয় ভালোবাসো না হয় ঘৃণা করো, মাঝামাঝি রেখো না। ",Neutral
বিড়ালের গলায় ঘন্টা বাধার প্রস্তাব দেয়া ইঁদুরকেই যখন বিড়ালের গলায় ঘন্টা বাধতে বল হয়। ভাই আমার এত সাহস নাই। ,Personal
"জানি সব ধ্বংস হয়ে যাবে, তাও একটা শেষ চেষ্টা করবো। ",Neutral
"একি ভয়াবহ সত্য ফাস হলো, আদালতে কাদতে কাদতে একি বলল দিহান? ",Personal
বিয়েতে ১ লক্ষ টাকা যৌতুকে রাজি হবার পর যখন শালী জুতা চুরি করে ৫০ হাজার টাকা আবদার করে। ,Neutral
যশোরে আওয়ামীলীগ নেতার চাপে দেড় শতাধিক হিন্দু পরিবারের দেশত্যাগ। ,Geopolitical
"আপনারা দুই ভাই নাকি? হ্যাঁ, কিন্ত আপনি জানলেন কীভাবে? ",Neutral
"আজকে জুম্মার দিন বলে একটা পিক তুল্লাম ফেসবুক এ  জুম্মা মোবারক লিখে আপলোড দিব বলে।, ",Neutral
"পাত্র চাই উচ্চতা ৫.৬ ইঞ্চি বেকার হলেও চলবে চাকরি, আব্বাই দিব। ",Neutral
"আমি,আমার পানি খাওয়ার মগ ও বাসায় আসা আত্মীয়। ",Neutral
"পুলিশ একদিনে ১৮০০ জঙ্গি ধরে, কিন্তু ৬ জন জঙ্গিকে ধরতে আর্মি প্রয়োজন হয়। ",Personal
তেমন কিছু না মসজিদে মিলাদের বিরিয়ানি দিবে তাই দৌড়ে যাচ্ছে । ,Neutral
"মেয়েরা অন্যান্য সময়, মেয়েরা ফুসকা খাওয়ার সময়। ",Neutral
টি দিয়ে যাদের নাম শুরু হয় তারা টাকা ছাড়া কিছুই বোঝে না। ,Neutral
কলকাতায় কালীপূজা উদ্বোধন করলেন সাকিব। যশোরে সেলফি তুলতে চাওয়ায় ভক্তের ফোন ছুড়ে ফেললেন। ,Religious
ভারত আমাদের শত্রু বুঝতে পারাই বড় অর্জন। ,Geopolitical
১০ কি.মি. হেটে বাবার বিরুদ্ধে অভিযোগ জানাতে থানায় মেয়ে। ,Neutral
যাদের নাম টি বা এন দিয়ে শুরু হয় তাদের এক্সের সংখ্যা প্রচুর।,Neutral
"একদিন আমি বাসের হেল্পার হবো, তোমার বাসার পাশ দিয়ে যাওয়ার সময় চিল্লাইয়া বলবো, ওস্তাদ সাবধান, ডাইনে বেঈমান। ",Personal
তুই শালা জাতীয় বেইমান।  তোরে আমি বিশ^াস করি না শালা। ,Personal
"রানু পাগলীর গান এর আওয়াজ সবার কানে পৌছায়, কাস্মীরের মুসলমানদের আওয়াজ কানে পৌছায় না। ",Personal
দিহান আনুশকার আসল ঘটনা ফাঁস করল চরমোনাই পীর। ,Personal
ভালোবাসার মানুষকে বিয়ে করার জন্য হলেও পড়তে বসুন। ,Neutral
"সন্তানরা খোঁজ নেন না, সম্পত্তি লিখে দিলেন কুকুরকে। ",Personal
তুই আমারে চ্যালেঞ্জ করতাছোস?   তোরে আমি কিন্তু দেখাইয়া দিমু। ,Personal
এই শালা তোর বন্ধু কই?   তোর বন্ধুরে আমার সামনে ডেকে আন। ,Personal
অবশেষে হেফাজত ইসলামের শাপলা চত্তরে হত্যার সকল প্রমানসহ গোপন তথ্য ফাঁস। ,Personal
যেসব বুদ্ধিজীবীরা খালেদার পক্ষে কথা বলে তারা শুয়োরের বাচ্চা থেকেও খারাপ। ,Geopolitical
এইচএসসি পরীক্ষার্থীদের বর্তমান অবস্থা। ,Neutral
মিগ-২৯ বিমানকে আমেরিকা এতো ভয় পায় কেন? ,Geopolitical
"ভারতের সঙ্গে বন্ধুত্বকে আমরা খুব গুরুত্ব দিয়ে থাকি, গুরুত্ব না দিলে তো আওয়ামীলীগের গোয়া মারা সারা। ",Geopolitical
"যখন আমি থাকবো না, কি করবি রে বোকা? ",Neutral
"যখন তিনি বলেন যে, বইয়ের সবটুকু পড়ে এসো, খুব উপকার হইল। ",Neutral
পাড়ার ক্রিকেটে ছয় মেরে বল হারিয়ে ফেলার পর যখন নতুন বল কিনে দিতে হয়। ,Neutral
হাই! ভুলে গেলে নাকি আমাকে? ,Neutral
"চলো বাবা, আজকে একটা দাওয়াত খেয়ে আসবো, আম্মু পোলাও রোস্ট সবই তো খাইলাম কিন্তু দাওয়াত কই? ",Neutral
আনুশকার মৃত্যুতে মানববন্ধন ৮ দফা দাবি শিক্ষার্থীদের। ,Personal
সাকিব আল হাসান কলকাতায় গিয়ে কালীপূজা উদ্বোধন সম্পর্কে ইসলাম কি বলে? ,Religious
হিংসুক ভক্তার কাহিনী দেখুন।  সে কিভাবে হিংসা ছড়ায় না দেখলে বিশ^াস করবেন না। ,Personal
দোস্ত কপি কর জাস্ট একটু ঘুরায়া লিখিস। ,Neutral
"পাড়ায় যখন নতুন কোন মেয়ে আসে তখন আমি, আমাকে এই মালটার সাথে প্রেম করতেই হবে। ",Neutral
বাংলাদেশি ও রোহিঙ্গাদের গুলি করা উচিৎ। ,Geopolitical
"এই তুমি দাড়ি রাখো না কেন? দাড়ি রাখলে বয়স বেশি লাগে। তাইলে দাতগুলাও ফেলে দাও, দুধের বাচ্চা লাগবে। ",Neutral
"খায়া দিসে, বাঘ মামা খায়া দিসে খায়া দিসে। ",Neutral
"স্বৈরতন্ত্র নিপাত যাক, গণতন্ত্র মুক্তি পাক। ",Political
এই সেই বাড়ি যেখানে ধর্ষন হয় আনুশকা। ,Personal
"আপনি পারলে আমার নামে মামলা করেন, টকশোতে তুমুল ঝসড়া। রাশেদ ও তুরিন আফরোজের। ",Personal
রাতে হালকা শীত লাগলে আমি যেভাবে কাথা টেনে নিয়ে গায় দেই। ,Neutral
জবা কি পারবে হ্যান্ডেল মারতে? ,Personal
"আমি গতকাল মেয়েটিকে বললাম বাসায় পৌছে কল দিতে, মেয়েটার মনে হয় বাসা নাই। ",Neutral
এখানে পতাকার অবমাননা হয়নি! পতাকাকে জায়নামাজ বানিয়ে নামাজ পড়লেই কেবল পতাকার ইজ্জত যায়। ,Personal
"একদিন কুদ্দুস এসে যখন আমাকে বলল, ভাই, দেখতাছি আপনে খুব টেনশনে আছেন।",Neutral
আমি এদেশে থাকবো না ভাই। আমি চলে গেলাম বিদায় পৃথিবী। ,Personal
বাংলাদেশে একটি গোপন হামলায় খৃষ্টধর্ম গ্রহনকারী এবং খৃস্টধর্মের প্রচারকারী এক মুরতাদকে হত্যা। ,Religious
যাওয়া ঠিক হবে না। মাইরধর করতে পারে।,Personal
"টাকা সঞ্চয় করার জন্য বাজেট করা আামি, আর আমার বদভ্যাস। ",Neutral
দুর! মিয়া বোতলের সাইজ এত ছোট কে? স্যার আমি তো আপনার আর আপনার মেয়ের কাছ থেকে শিখতাছি। ,Personal
"নিব্বি প্রথম বার তার ফাকবয় বয়ফ্রেন্ড এর সাথে ডেট করার পর, জব্বর জোরে গুতিয়েছে রে। ",Personal
প্লিজ আমার ছবি তুলবেন না। ,Neutral
মরে যাও মুক্তি চাইনা।   তোমার মুক্তি দিয়া আমি কি করমু? ,Geopolitical
"গুরুপের সবাই লাইনে দাড়ান, ঈদ বোনাস দিমু। ",Neutral
লগি বৈঠার তান্ডবের কথা নতুন করে কি বলব? দেখুন আপনারাই। ,Personal
ধুমপানের কারণে বউ অন্যের কাছে চলে যায়। ,Personal
"ভাবী পাইয়া গেছি, ম্যানশন হপ্পে পরানের ভাইরে। ",Neutral
"তারপর যখন হঠাৎ এক সুন্দরী আমাকে বলে উঠে,  এই যে ভাইয়া শোনেন, তখন আমি, এখন আমার প্রথম কাজ হচ্ছে, মেয়েটার সামনে আলগা ভাব নেয়া। ",Neutral
দীর্ঘ সময় ধরে যৌন মিলনের কারণে ইনজুরিতে ওয়ার স্ত্রীর বেফাঁস মন্তব্য। ,Personal
"চুমাচুমি সরকারি প্রাথমিক বিদ্যালয়,এই স্কুল থেকেই আমি মেট্রিক পাশ করছি। ",Neutral
সরকারকে সরাসরি হুমকি দিলেন। কিন্তু সরকার কারো কথায় কান দিচ্ছে না। ,Political
নোবিতা তোর মাল তোকে ধোঁকা দিচ্ছে। ,Personal
মিমের সাথে আমার রিলেশন চলাকালীন মিমের জন্য পাগল হ্যান্ডসাম ছেলেটা। ,Neutral
"আনুষ্কার ধর্ষনের ভিডিও, কি নির্মম এবং নিষ্ঠুর আচরন দিহানের!",Personal
"আমার ঐসব আত্মীয়দের খুবই ভালো লাগে, যারা চলে যাওয়ার সময় হাতের মুঠোয় জোর করে টাকা গুঁজে দেয়। ",Neutral
স্যার কয়েক হাজার পৃষ্ঠা হোম ওয়ার্ক দেয়ার পর ক্লাসের টপারদের অবস্থা। ,Neutral
আমার ফ্রেন্ডদের কাজিন আর আমার কাজিন। ,Neutral
"দিহান আনুশকার ঘটনার নতৃন মোড়, দিহান কি ঔষধ সেবন করেছিল বললেন ডাক্তার। ",Personal
আমরা কি মুসলমান? আর কি দিয়ে প্রমান করতে হবে যে আওয়ামীলীগ ইসলামের দুশমন। ,Religious
ডিবি পরিচেয়ে তুলে নেয়ার পর বাঁশবাগানে যুবকের লাশ। ,Personal
"২০৫০ সালে বিলুপ্ত হয়ে যাবে, এমন কিছূ প্রাণীর নাম বলো তো। মামা, চাচা, খালা, ফুফু ইত্যাদি, কারণ সবাই এখন একটার বেশি সন্তান নিচ্ছে না। ",Neutral
"দিয়েছেন অনেক, প্রতিদানে এবার ভারতের সহযোগিতা চান শেখ হাসিনা। ",Geopolitical
কৃত্রিম যৌনাঙ্গ ব্যবহারের কারনেই নিচের দুই অংশ ক্ষত বীক্ষত হয় আনুশকার। ,Personal
ফেসবুকে বিবাহ সংক্রান্ত এই পোস্ট দেখে মায়ের সাথে শেয়ার করার পর এখন আমি এক কানে কম শুনি। ,Neutral
"জীবন হচ্ছে, মৃত্যুর কাছ থেকে ধার নেয়া কিছুটা সময়। ",Neutral
ঐ তুই শুধু আমার। তুই আর কারও হতে পারবি না। ,Neutral
পাকিস্তান ভারতের শত্রু তাদের সেনা পাকিস্তানের হাতে ধরা পরার পর তারা যেভাবে ফেরত দেয়। আর ভারত আমাদের বন্ধু আমাদেও সেনা ভারতের হাতে ধরা পরার পর তারা যেভাবে ফেরত দেয়। ,Geopolitical
ইউএনওর উপস্থিতি টের পেয়ে বাসর ঘর রেখে পালালো নবদম্পত্তি। ,Neutral
মোদিকে হুশিয়ারি এরদোগানের। এবার আর রক্ষা নেই ভারতের। ,Geopolitical
কিপ্টামির জন্য যদি কেউ নোবেল পেত তাহলে তোমার কোন বন্ধু পেতো? ,Neutral
যুদ্ধ যখন অনিবার্য। ভারত পাকিস্তানের মধ্যে চরম উত্তেজনা বিরাজমান। ,Geopolitical
হতচ্ছাড়া টা যে কোথায় গেলো?,Neutral
নেপালে ভারতীয় সব টিভি চ্যানেল বন্ধ । ,Geopolitical
সীমান্ত হত্যা বন্ধের দাবীতে প্রতিকী লাশ নিয়ে ঢাকা থেকে কুড়িগ্রামের অনন্তপুর হেটে যাত্রা।  ,Geopolitical
"হাথরস গণধর্ষণ, আজ ভারতের নিই নর্মাল। ",Geopolitical
ঐদিন রুমে আনুশকার সাথে যা যা করেছিল জানালো দিহান। ,Personal
গণহত্যার পুনরাবৃত্তি দেখতে নৌকায় ভোট দিন। ,Geopolitical
এই লোকটা তোদের বাবার খুনি! একে তোর ছাড়বি না। ,Personal
"করোনা মহামারি, স্বাস্থ্য সেবা। চাল চোর, তেল চোর রাজনীতি ও পরিকল্পনা নিয়ে খোলামেলা কথা। ",Personal
"ভারতের সাথে প্রতিরক্ষা চুক্তি, শেয়ালের কাছে মুরগী বর্গা দেয়ার সামিল। ",Personal
বুঝতে পারলে খুঁজতে চাইবে। না বুঝতে পারলে কিছু ই না। ,Neutral
"ঈদ এর বখশিসে পাওয়া ১০০ টাকার নোটকে ভেঙে ১০ টি ১০ টাকার নোট নেওয়ার পর আমি, আমি বড়লোক হয়ে গেছি আমার কাছে বেশি টাকা। ",Neutral
রাজাকার এখন মুক্তিযোদ্ধা। রাজাকার মুক্তিযোদ্ধা এখন একাকার। ,Political
সানডে মানডে গোসল করাইয়া দিমু। সানডে মানডে ক্লোজ কইরা দিমু। ,Personal
"জীবনে অনেক বড়ো হতে হবে, কিন্তু কি যে করি? খালি ঘুম পায়। ",Neutral
"আজ গোসল করব না, গোসল না করে কই যাস। ",Neutral
কি করছো দিহান? আমার লাগছে। আমিতো মরে যাবো আর পারছি না। ,Personal
"কি এক বিপদে পড়লাম, কোনো কিছু নড়লেই মনে হয় ভুমিকম্প হইতেছে। ",Neutral
আমৃত্যু কারাদন্ডাদেশ প্রাপ্ত রাজাকার সাঈদীর মুক্তি নয় ফাঁসি কার্যকর দেখতে চায় দেশব্যাপী। ,Political
সারাদিন বাসায় থেকে আম্মুর হাতের তিন বেলা রান্না খাওয়ার পর এবং সারাদিন বাহিরে  ঘরাঘুরি করে রেস্টুরেন্টের বিভিন্ন ধরনের খাবার খাওয়ার পর আমি। ,Neutral
"দারোয়ান, বন্ধু, মা এবং বান্ধবী সবাই ফাঁস করলেন অজানা গোপন তথ্য। ",Personal
"মহাফাঁদে মুসলিম বিশ^ , ৯/১১ পরবর্তী যু্দ্ধে ৩ কোটি ২০ লাখ মুসলমানের প্রাণ নিভে গেছে। ",Geopolitical
"বন্ধু যখন তার কাকু কে বলে, তাতে আমার কোনো বাল্ডাও ছেরা যাবে না। ",Personal
"যখন স্বামী বলে বাচ্চাদের অন্যরুমে ঘুমাই দেও, তোমার জন্য চকলেট আনছি।",Neutral
হোলির দিন ক্রিকেট খেলায় মুসলিম পরিবারকে বেধড়ক পিটুনি।,Religious
"জঙ্গিবাদ, সন্ত্রাসবাদ ও ধর্মব্যবসায়ের বিপক্ষে লোকদেখানো সমালোচনা করে এখন জঙ্গী তকমা ঢাকার কুট কৌশলে ব্যস্ত জঙ্গী দল হিযবুত তাওহীদ। ",Personal
"বিএনপি কর্মীদের ধরে প্রথমে পায়ে, পরে বুকে গুলি করুন। ",Political
উপকার করলে শরীরের ছাল থাকে না। অর্জুন গাছটাই তার বড় প্রমাণ। ,Neutral
"নিজের নামের বানান নিজে ভুল করার পর, আরো ফোন টিপ শালা। ",Neutral
ক্লাসে ভালো গান পারো কেউ? জি¦ স্যার বল্টু পারে। তখন বল্টুর অবস্থা। ,Neutral
যে নিজে চলতে সক্ষম নয় সে কিভাবে অন্যকে খুন করে? পুলিশের অত্যাচারেই আমার সন্তান মারা গেছে। ,Personal
যখন মাস্ক পরে শিশ বাজানোর পর দেখি পাশের এক মহিলা আরেকজনকে গালি দিচ্ছে।,Neutral
আর কত সহ্য করবো হে বিধাতা। ,Personal
উত্তর চব্বিশ পরগনাতে এভাবে কেন খুন তৃণমূল নেতা? ,Political
"মেনশন করুন তাকে, যাকে আপনি পাবনা মানসিক হাসপাতালে ভর্তি করাতে চান। ",Neutral
স্ত্রী-শালিকাকে হত্যার অভিযোগে রাজধানীতে আটক স্বামী। ,Personal
"একটু পর যখন জীনকে জিজ্ঞেস করি, এই ব্যাটা জীন, তুই ছেলে না মেয়ে? ",Neutral
ফেইক আইডি দিয়ে বন্ধুকে প্রেমে ফেলে যখন তা সবার সামনে খোলাসা করি । ,Neutral
দেশটা কি ফেরআউনী রাষ্ট্র হয়ে গেল? কয়দিন পর হয়ত স্বামী-স্ত্রী একসাথে দেখলে নাশকতার অভিযোগে গ্রেফতার করা হবে।,Geopolitical
"যখন দেখি রুপা এখনো হিমুকে ভুলতে পারে নাই, তখন আমি, তুই এখনো বালডারে ভুলস নাই! ",Personal
ইংরেজি পরীক্ষায় ৩৩ না পাওয়া ছাত্র-ছাত্রীগণ যখন ফেসবুকে ইংরেজিতে বড় বড় ক্যাপশন দেয়। ,Neutral
বাংলাদেশ সীমান্তে নিরীহ মানুষ হত্যার প্রতিবাদে কালো পতাকা দিবস। ,Geopolitical
"পরীক্ষা দিয়ে বেরোনো ছাত্র আর অপারেশন করে বেরোনো ডাক্তার দুজনের বক্তবই এক, ভালো হয়েছে তবে এখন কিছু বলা যাচ্ছে না। ",Neutral
গরীব দেশগুলো নিজের ইচ্ছামত টাকা প্রিন্ট করে নিয়ে বড়লোক হয়ে যায় না কেন? টাকা প্রিন্ট করার টাকা নেই বলে। ,Neutral
"নোয়াখালী কলেজের ছাত্র,  এমনই ট্যালেন্ট হয়। ",Neutral
"কপালে বন্ধুক ধরে যদি বলা হয় একটাই ফোন করতে পারবি ফোন রিসিভ হলে মৃত্যু, মেনশন করুন যাকে ফোন করবেন। ",Personal
"আমি নরেন্দ্র মোদি, কাজ করছি চায়না-মাল নিয়ে। ",Neutral
একাউন্টিং পইড়া কি শিখলি বাবা? অহন আমি স্কেল ছাড়াই মার্জিন দেবার পারি।,Neutral
মা দুই টাকা দেও। বেকারদের বর্তমান চাহিদা এটাই। ,Neutral
"অনলাইন ক্লাসে স্যার যখন বলে এখন পড়া ধরব, তার ০.০০৫ সেকেন্ড পর আমি। ",Neutral
"হযরত মোহাম্মদ (সাঃ) কে নিয়ে ব্যঙ্গচিত্র ও আল্লাহর ঘর পবিত্র কারা শরীফকে অবমাননা করায়, শ্রী টিটু রায় এর ফাঁসি চাই দিতে হবে। ",Religious
"অবশেষে ক্ষমা চাইল জিয়াউল হাসান, কাবাকে ভাস্কর্য বলায় তিনি ক্ষমা চেয়েছেন। ",Religious
ভেবেছিলাম কম্বল এর সাথে ব্রেকআপ করে ফ্যান এর সাথে রিলেশন করবো কিন্তু এখন দেখি ছাতা আমাকে প্রোপোজ করছে। ,Neutral
"মেয়েটাকে তারা বাঁচতে দিল না, মেয়েটাকে ওরা মেরেই ছাড়ল। ",Personal
খুনি জিয়ার তত্ত্বাবধানে সংগঠিত জেল হত্যাকান্ড। খুনিদের পুরস্কার হিসেবে পাঠানো হয় বিভিন্ত দূতাবাসে চাকরিতে।,Geopolitical
"অনেক্ষন ভাবার পর লে আমি, না না এবার আর কম্বল এর তল থেইকা বার হমু না কি হবে দেখা যাবে। ",Neutral
"অন্যরা আমার বোনকে যেভাবে দেখে, আর আমি আমার বোনকে যেভাবে দেখি। ",Neutral
"মাস্ক পড়ার সবচেয়ে বড় সুবিধা হল, এটা  আমার বিশ্রী মুখ ঢাকতে সাহায্য করে|",Neutral
দুর্নীতিবাজ পুলিশ দিয়ে অভিযানের নামে সাধারণ মানুষকেই হয়রানি করা হবে। ,Personal
সবগুলোকে আজকে ভবের পিডান পিডামু। ,Personal
"বাংলাদেশ একটি ৫৪ হাজার বর্গমাইলের কারাগার, বাকশালীদের কারণে দেশের স্বাধীনতা বলতে কিছু নাই। ",Geopolitical
তিন তালাক কতটা যুক্তিযুক্ত? এটা ধর্মের বিধান নিয়ে কথা বলার শামিল। ,Religious
সকালে ঘুম ভাঙার পর ছেলেদের লিঙ্গ দাড়িয়ে থাকার কারণ। ,Personal
"বাড়িতে বসে থাকতে থাকতে , কলা যখন শিল্প কলা হয়ে যাবে ধরতে পারবেন না। ",Neutral
ব্রাজিল নিয়ে কিছু বললে কান টাইনা ছিড়া ফালামু। ,Personal
সাইকেলের চেইন ঠিক করে ছোট ভাই কে সাহায্য করার পর। ,Neutral
"দুজন মিলে নবীজীর দেশে আসছি, কারণ আমি ওর ট্যাগ লিস্টেও প্রথমে ছিলাম। ",Neutral
দশ বছরে বিএসএফের গুলিতে ৩ শতাধিক বাংলাদেশি নিহত। ,Geopolitical
"সরকারি চাকরি আর সত্যিকারের ভালোবাসা, কখনো যোগ্য লোকেরা পায় না। ",Neutral
"চারিদিকে একই সুর, হাসিনা তুই ভোট চোর। ",Geopolitical
আমাদের প্রিয় ভূমি এভাবে খন্ডিত না দেখতে চাইলে এখনই সময় রুখে দাঁড়াবার। ,Geopolitical
"জানি জুতার বারি খাবো, তবুও শেষ চেষ্টা করতে হবে। ",Personal
বাবরি মসজিদ ধ্বংসের ২৬ বছর পুর্তি। ,Religious
"হত্যা মামলার তদন্তে রং মাখানো চেষ্টায় মরিয়া পুলিশ, অশিক্ষিত মাজারের খাদেমকে ধরে সাবেক শিবির কর্মী বলে প্রচার। ",Geopolitical
বলুন দেখি ভুমি কম্প মাপার যন্ত্রের নাম কি? ,Neutral
আমার তো হোগা মারা শ্যাষ। আমি এখন আমি কি করমু? ,Personal
"লিটন ভাইয়ের দুধের আইসক্রীম, কিসের দুধ ?",Neutral
"সালাহ উদ্দিন বলছিলেন, আমি কিন্তু বাংলাদেশে মন্ত্রী ছিলাম। কিন্তু কেউ বিশ^াস করেনি।",Geopolitical
"গালি দিচ্ছো, নাকি আসলেই করবা? চুদলে আইসো রাতের বেলা।",Personal
কুলাঙ্গার নিক্সন চৌধুরী আলেমদের কে বলে আসেন খেলা হবে। ,Personal
শান্তিতে বসে থাকা হিমু আর রুপার চরিত্র খারাপ এটা বারবার মনে করিয়ে দেয়া ভাইয়া। ,Neutral
"দুধে-ব্রা পরে সাজুর নতুন চমক, সাজুকে হিজরা মাদারচোদদের মতো মনে হয়। ",Personal
আত্মগোপনে যুবলীগ-ছাত্রলীগ। শালা কুত্তালীগের জন্য কিছূ করার নাই। ,Political
ওরাই আবরারের খুনি। ওদের ফাঁসি কার্যকর করতে হবে।,Personal
আপনি জাহান্নামে যেতে পারেন। এই তুই কী বললি? সাহস থাকলে আবার বল। ,Personal
"সৎ সঙ্গে বিরিয়ানি, অসৎ সঙ্গে বিড়িটানি। ",Neutral
"এইচ এস সি পরীক্ষার রেজাল্ট দেয়ার পর মিষ্টি ব্যবসায়ী,পরীক্ষার্থী ও শিক্ষা মন্ত্রনালয়ের অবস্থা। ",Neutral
"করোনা বিবাহ, সব ঠিক আছে কিন্তু ফুলসজ্জাটা কিভাবে হবে শুনি? ",Neutral
মেয়েদের সেক্স উঠলে কিভাবে বুঝবেন? ৫ টি গোপন কথা জেনে নিন। ,Personal
"ভাতে মারবে ভারত, বাংলাদেশে ৫০ হাজার বেড হাসপাতাল বানাবে চীন-তুরস্ক-সৌদি। ",Geopolitical
"মাহফিলে পুলিশের বাধা, দাঁত ভাঙ্গা জবাব দিলেন আমির হামজা। ",Religious
প্রশ্ন দেখার পর মিডলবেঞ্চার। তার যে অবস্থা হয় সেটাই এই ছবিতে দেখতে পাচ্ছেন। ,Neutral
"ঐতিহাসিক পলাশী দিবসে নব্য ঘসেটি বেগম, মীর জাফর ও রায় দুর্লভদের  মনে পরে। ",Geopolitical
"যাদের বিয়ে, আর যার জন্য মানুষ বিয়ে বাড়ি যায়। ",Neutral
ঘরপোড়া আগুনে আলু পুড়িয়ে খাওয়ার স্বপ্ন কখনোই সত্যি হবে না। অবৈধ ম্যাসেজ পার্লারের নারীরা ক্যাম্পাসে কেন? ,Personal
"না চাইতেও ছেলে বন্ধুর সাথে বাসর রাত কাটাচ্ছি, কারণ আমি বন্ধুর ট্যাগ লিস্টের ৩য় ব্যাক্তি । ",Personal
এই নিমকহারামীর দলকে বঙ্গবন্ধু চিনতে পারেন নি। ঠিক তেমনি আ ক ম মোজাম্মেল হককেও শেখ হাসিনা চিনতে পারেন নি। ,Political
"মাসের প্রথম এত্তগুলা বড়লোক মনে হয়, রাজকীয়ভাবে জীবনযাপন করি। কিন্তু মাসের শেষে মনে হয়, ২ টা কিডনী থাকা কি খুব জরুরী?",Neutral
"সুন্নাতে খাৎনা করার পর আত্মীয়-স্বজন, কই দেখি জিনিসটা? ",Neutral
"যাই হোক, মানবতার খাতিরে আজকে কোনোরকম মামাতো ভাইয়ের বিয়ে খেতে যাচ্ছি। ",Neutral
একদল হায়েনা ও এক জন বীর। দেখুন তাদের অবস্থা কেমন। ,Personal
"কাদেরের হুশিয়ারি, সবাই যাকে বলে কাউয়া কাদের।",Personal
এই শহরে আমার মতো ক্রিমিনাল আর একটাও নাই।,Personal
আনুশকাকে কোকের সাথে অচেতন করার ওষুধ দেয় দিহান। ,Personal
"রাতের বেলা এলাকার এক চাচার সাথে বাড়ি ফেরার সময় যখন চাচা বলে, আমাদের সময় ভালো থাকা বইটা থাকলে আমার আর সেদিন সুইসাইড করা লাগতো না। ",Personal
"হেসে যা পাগলা। হেসে যা , হেসে যা ",Neutral
"নিজেকে টিভিতে দেখতে চাও ? দুটো স্টেপ ফলো করো সবাই। স্টেপ ১- প্রথম টিভিটা বন্ধ করে দাও,স্টেপ ২ - এবার টিভির সামনে দাড়িয়ে পড়ো । ",Neutral
যখন আম্মুকে কেউ আমাকে তাড়াতাড়ি বিয়ে করানোর ব্যাপারে পরামর্শ দেয়। ,Neutral
"জিনে এনে বাড়িতে দিয়ে গেছে, নিখোঁজের ১২ দিন পর প্রবাসীর স্ত্রীকে। ",Neutral
"ঐ শালার ঘরের শালা, কম্পিটিশন লাগাইতে চাস তুই? ",Personal
"কেউ ক্লাসে নাই, এই সুযোগে চিমটুর ব্যাগ দিয়ে বেঞ্চের ধুলাগুলো পরিস্কার করি। ",Neutral
"মেয়েদের গোল গোল, ছেলেদের লম্বা জিনিসটা কি বলতো? ",Neutral
"জীবনে ব্রেকাপের চেয়ে কষ্টের কিছু নাই, আমি বলি রাত্রে বেলা কুত্তার দাবরানি খাইছো কখনো?",Neutral
"কারাগাওরে পাপিয়ার করুন জীবন, দেখতে আসে না কেউ। ",Personal
"ভারতীয় সিরিয়ালের কান্ড, প্লেন উড়িয়ে হাসির খোরাক নায়িকা। ",Neutral
ভারত কে সব দিয়ে এলেও আমি কিন্তু খালি হাতে ফিরিনি। এনেছি এই দোনের আশ^াস। ,Personal
মেয়রপুত্র সাম্য হত্যায় তিনজনের ফাঁসির আদেশ। ,Personal
ইসরায়েলি সৈন্যদের খন্ডিত দেহ। ,Geopolitical
আমার রুমে ঘুমাতে এসে আমার হাতে বেদম প্রহার খাওয়ার পর আমার ছোট ভাই। ,Neutral
ছোটবেলায় পিতা-পুত্রের অঙ্ক করতে গিয়ে যখন পিতার চেয়ে পুত্রের বয়স বেশি হয়ে যেত। ,Neutral
"খালপার হইলে, মাঝি কোন শালা । ",Personal
যখন তুমি সিংহ কিন্তু তোমার গফ তোমাকে বাবু বলে ডাকে। ,Neutral
"স্যার একটা বেআইনি মদের  ট্রাক ধরেছি, সাবাস! আর একটা চানাচুরের ট্রাক ধরে ফেলো, তাহলে আজ রাতে একটা পার্টি হয়ে যাবে। ",Personal
"জন্মদিনে মেয়েরা, হ্যাপি বার্থডে দোস্ত, কি খাওযাবি বল। এখন টাকা নাই কয়েক দিন পরে ট্রিট দিব। ",Neutral
"এখানে পদার্থের তিনটি অবস্থা আমরা শিখতে পারি, উড়ন্ত বেলুন, ঝুলন্ত বেলুন আর পড়ন্ত বেলুন। ",Neutral
ফজলামির একটা সীমা আছে। চাপা মারার একটা লিমিট আছে|,Neutral
"মুখ খুলছে দারোয়ান, দিহানের শাস্তি চান দিহানের বাবা। ",Personal
"হবে তো শুরু চোষা হবে শুধু, মজা নিবা তোমরা আছি সাথে আমরা। ",Personal
চারবার আমাকে হত্যার চেষ্টা করা হয়েছে। ,Personal
"আমার জুতা, তোর মুখ। জুতা মেরে তোর অবস্থা খারাপ করে দেব। ",Personal
"মেরে দে মামা! মেরে দে, ইনসেপ্টার ৩০ লাখ টাকা ত্রাণের ২৭ লাখই আত্মসাৎ। ",Personal
মৃত্যুপুরী যুক্তরাষ্ট্র ২৪ ঘন্টর রেকর্ড ১৯৭০ জনের প্রাণহানি। ,Personal
গুম রাজনীতির উত্থান করেছিলো শেখ মুজিব। ,Geopolitical
"ভয় পেলেই আপনি পরাজিত, সেই জন্যই ওরা আপনাকে ভয় দেখায়। ",Personal
"যৌতুন না দেওয়ায় রাণীনগরে তালাকের পর দ্বিতীয় বিয়ে, সাফিয়া বিবির আত্মহত্যা। ",Personal
রেইনকোর্ট আপনাকে বৃষ্টি থেকে সুরক্ষা দিবে আর মুুজিবকোট আপনাকে পুলিশ থেকে সুরক্ষা দিবে।,Geopolitical
"বাচ্চার শত্রু বাচ্চা, চোখে জল আসবেই। ",Personal
বিএনপির আন্দোলনের ঈদটা ঠিক করে আসবে? ,Political
"ভারতীয় অফিসারের রহস্যময় মৃত্যু , ধৃত স্ত্রী। ",Personal
"বান্ধবী তোর ছোট বেলার পিক, যখন তুই একেবারে ছোট ছিলি। ",Neutral
"যার এমন একটা ঢঙ্গী মেয়ে হবে, তার জন্য এই অবস্থা।",Neutral
মোদি সরকারকে চোর বলে গালি দিয়ে চ্যালেঞ্জ করেছে ভারতীয় কিষান ইন্ডিয়ানের সভাপতি। ,Personal
"আচ্ছা, লাইফের সব সমস্যা ঐ ২০ জন কে মেসেজ ফরোয়ার্ড ন করার কারনেই হচ্ছে না তো। ",Neutral
চুদেই মেরে ফেলবো তোমায়। পিরিতের রসে তোরে ভিজাইয়া দিমু। ,Personal
পাপিয়ার অধীনে কাজ করতো ১৭ শত সুন্দরী নারী। ,Neutral
"রাতের বেলা পিছন থেকে আওয়াজ শুনতে পারি, তখন ঐ কেডা রে এইহানে? ",Neutral
কখনো এই চিন্তা মাথায় স্থান দিবা না।,Personal
শীতকালে বিবাহিতরা আর অবিবাহিতরা। ,Neutral
সংবাদপত্রে বিএনপি-জামাতের দুর্নীতি ও সন্ত্রাসের চিত্র। ,Political
ড্রাগ নেওয়ার পর তোমার ফিগার আর ১ বোতল জল খাওয়ার পর আমার ফিগার। ,Neutral
বাংলাদেশের জন্য একটা আন্তর্জাতিক মানের গণতন্ত্র বানাইলাম। ,Geopolitical
এলাকার ছোট ভাই যারে আজীবন হাফ লেডিস বইলা ডাকতাম। ,Neutral
"দাদা, আমার ছেলে জয়ের হাজার কোটি টাকা লুটের খবরতো দেশবাসীর মুখে মুখে, নিজামীর ফাঁসী দ্রুত কাযকর করেন। দেশব্যাপী খালেদা জিয়ার নামে মানহানি মামলা করুন। ",Political
মাছ রান্নায় করনি কেন? মাছটাকে মারতে পারলাম না। কিভাবে মারার চেষ্টা করেছিলে? কেন! পানিতে চুবিয়ে। ,Personal
জীবনে প্রথমবার কক্সবাজারে যাওয়ার পর বাঙালি। ,Neutral
"সোনা তোমার নাম কোথায় লিখব হাতে না হৃদয়ে? আরে পাগলি, যদি এতই ভালোবাসিস সম্পত্তির দলিলে নামটা লিখে দেখা দেখি। ",Neutral
খা খা খা আমায় চুষে চুষে খা আমায় গিলে খা।,Personal
"দেখ ভাই আর যাই করছ, ফেনীর পোলাপাইনের সামনে চোখ নামাইয়া কথা কইচ। ",Personal
শ্রমিকলীগ নেতার স্ত্রীর দাপট। নেতার স্ত্রীর দাপটে টেকা দায়। ,Political
মানব জীবনে এমন কিছু ডিপ্রেশন রয়েছে যা ¯্রষ্টা ছাড়া কারো কাছে শেয়ার করা যায় না। ,Neutral
বিয়ে করা আর মোবাইল কেনার পর একটাই আফসোস হয় ইসস! আর কিছুদিন অপেক্ষা করলে আরো ভালো মডেল পাইতে পারতাম। ,Neutral
পয়লা বৈশাখের কথিত মঙ্গল শোভাযাত্রা আর হিন্দু সম্প্রদায়ের রথযাত্রার মধ্যে পার্থক্য কোথায়? ,Religious
মনে হয় পায়খানায় বসে ছবি তুলছে। দেখে তো তেমনই মনে হয়। ,Neutral
"তোর কপালে জুতার বারি, হারামি।",Personal
চাঞ্চল্যকর সেই হত্যার আসামী এসআই আকবর গ্রেফতার। ,Personal
"১৪ ফেব্রুয়ারি ১৪৪ ধারা চাই, ভাবছি আমিও যোগ দেব এই দলে। ",Neutral
১০ হাজার টাকার জন্য পুলিশের হাতে খুন আমাদের নিরাপত্তা কোথায়? ,Personal
"আমি আর আমার বন্ধু যখন বলি হালায় এক নম্বর কুত্তা, তখন পাশ থেকে হেটে যাওয়া লোক। ",Neutral
তুই যুক্তরাজ্য থেকে ওদের জন্য রড পাঠা। ,Neutral
যন্ত্রপতি রেডী কর। আমি তোর যন্ত্রপাতি দেখতে চাই তারা তারি রেডি কর। ,Personal
"আনুশকার দাফন, তারপর কি হলো? ",Personal
"জীবনেও কিছু না খাওয়ানো বন্ধু যখন আমাকে খেতে দেখে বলে, একা একা খাওয়া তাইলে? ",Neutral
স্পীড কমিয়ে জোরে জোরে মারো জান। চুদতে চুদতে পাগল করে দাও। ,Personal
আবরারের খুনী ছাত্রলীগ নেতাদের ফাসি চাই। ,Political
কার হবে এই ট্রফি? শেষ্ঠা নাকি মোহরের? ,Neutral
"ধরো আমার নাম আমি আর তোমার নাম তুমি, তাহলে পাগল টা কে? আমি না তুমি? ",Neutral
"জানি ছ্যাকা দেবে, তাও একটা শেষ চেষ্ট করব। ",Neutral
বউ হারালে বউ পাওয়া যায় কিন্তু ছেলেকে বাজার করতে দিলে বেঁচে থাকা টাকা কখনো ফিরে পাওয়া যায় না কাকু |,Neutral
আগে যেতে চাইলে উড়ে যান। সাইড দেয়ার কোন সুযোগ নাই। ,Neutral
"হাসিনার বার্তা নিয়ে প্রনবের কাছে তোফায়েল, ক্ষমতা ছাড়লে মেরে ফেলবে জণগন। ",Geopolitical
রাত ১ টা নাগাদ ছাদে উঠে গ্রিলের তালা ভেঙে ঘরে ঢুকে ঘরের দরজা ঠুকতে থাকে। ,Personal
কোটা বিরোধী আন্দোলনে জড়িতরা পাকিস্তানিদের দোসরঃ খাদ্যমন্ত্রী। ,Geopolitical
"ক্লাশে প্রেজেন্ট দিয়ে বন্ধু যখন বসতে যায়, তখন পিছন থেকে আমি কলম খাড়া করে রাখলে যা হয়। ",Neutral
ওরা কারা? যারা  বাচ্চা দেখলেই আদর করা শুরু করে দেয়। ,Neutral
"মোদিজী ও ভারতকে নিয়ে বিভ্রান্তি, বিএনপি থেকে ভারত বিরোধী ও শরীক কাঠ মোল্লাদের উষ্টা মেরে বের করে দেন জনাব তারেক রহমান। ",Geopolitical
ভাইয়া কোথায় পড়েন? কেন? লোগো দেইখা তো অনেক চিল্লাস এখন বলতে পারোস না? ,Neutral
আওয়ামীলীগের শাসনামলে সংঘবদ্ধ ধর্ষণ বেড়েছে ছয়গুণ। ,Political
গ্রামের বাড়িতে সন্ধেবেলায়  বিদ্যুৎ চলে যাবার পর। ,Neutral
"আমরা বেকার-ই ঝগড়া করে মরি, আর ওই দিকে মেসি নেইমার একসাথে রুটি বানায়। ",Neutral
কঢ়ুর লতি কালার শাড়ীর সাথে কি কালার ব্লাউজ মানাইবে আপুরা একটু হেল্প করো। ,Neutral
"বলতো, সানিলিওন কত বছর বয়সে প্রথম যৌন মিলন করে? ",Personal
অমনোযোগী ছাত্র/ছাত্রীদের জন্য ব্যথা মুক্তভাবে মুসলমানি করানো হয়। ,Neutral
"এদিকে বাড়িতে রেজাল্টের খবর শুনানোর পর আব্বু আম্মুর রিয়েকশন দেখার পর, এখন আমার অবস্থা কি হবে, ভাবতে থাকা আমি। ",Neutral
মেয়েদের ব্যাগ বিয়ের আগে  ও  বিয়ের পরে। ,Neutral
"কুলাঙ্গার লতিফ সিদ্দিকী হজ ও প্রিয়নবীকে কটাক্ষ করল, তরিকত ফেডারেশন ও জশনে জলুসের আশেকে রাসুল (সঃ) গেল কোথায়? ",Religious
লাইভে এসে হুংকার দিয়ে ছেলে-মেয়েদের পাক বানানোর ওস্তাদ ইনি। ,Personal
"যখন কেউ বলে, নিজের খেয়াল রেখো। ",Neutral
"স্যার ক্লাসে যখন সস্তা জোকস বলে, তখন ক্লাসের টপার বলে, স্যার আরো বলুন। ",Neutral
জীবনে কারো জন্য হাত না কাটা আমি। কখনোই আমি হাত কাটিনি।,Neutral
এখন বুজতেসি কোন বন্ধুর সাথে বসলে বেশি সুবিধা পাবো। ,Neutral
পৌর নির্বাচনে মজলুমের রক্তের উপর ভাসমান নৌকাকে না বলুন।,Geopolitical
"ঘৃণা ঝগড়া বাড়ায়, কিন্তু প্রেম সব অধর্ম ঢেকে দেয়। ",Personal
"রতনে রতন চেনে, শুয়রে চেনে কচু।",Personal
আনুশকা এবং দিহান কে ও হার মানালো এরা। ,Personal
"তুমি তো বেয়াদব, বিরাট বেয়াদব।",Personal
ঝালকাঠীর মেয়েরা আজকাল যা করে তা দেখলে আর সহ্য হয় না। ,Neutral
"শালা কি বলে, ধর্ম আবার কী? শালীকে জুতা পেটা করা উচিত। ",Religious
"যখন দেখি বাসায় মেহমানের সাথে তাদের পোলাপাইনও আসছে তখন আমি, আগে কোলবালিশটা লুকিয়ে আসি। ",Neutral
নানাভাবে বাংলা বইকে হিন্দুধর্ম শিক্ষার বই বানানো হচ্ছে। শিক্ষা ব্যবস্থাকে হিন্দুয়ানীর আলোকে তৈরি করার কী অদ্ভুদ প্রকিয়া। ,Religious
ঠিকঠাক মত শুয়ে পরার পর যখন মনে পরে এয়ারফোন টেবিলে। ,Neutral
"তারপর একদিন হিমু ফিরে আসলে যখন দেখি রুপা সারাক্ষণ শুধু তার স্বামীর খেদমত ই করছে, তখন আমি, এ আমি কোন সত্বী নারীকে ভালোবাসলাম। ",Neutral
এই সেই বিরোধপূর্ণ ভূমি। জৈন্তাপুর ও গোয়াইনঘাট সীমান্তের যেখানে এসে ভারতীয় খাসীয়ারা বাংলাদেশের জমিতে চাষাবাদ করে। ,Geopolitical
"শালা এগুলো, ফেসবুক প্রোফাইল না ২ জনের কথোপকথন?",Personal
"কয়টা বাসায় কাজ করো ? ৪ টা বাসায় আফা। তো ডিভোর্স হইলো ক্যান? না আফা শাশুড়িডা ভালো ছিল না, বাড়ীর সব কাম আমারে দিয়া করাইতো, তো এখন তোমারে ৪ টা বাড়িতে বসাইয়া খাওয়াতেছে? ",Neutral
বাংলার মুসলমান হত্যা করতে তুই ই পারবিরে পাগলী।,Geopolitical
সাহস আছে এগুলোতে উঠবার ? হার্ট দুর্বল না তো?,Personal
সরকার ধর্মদ্রোহী নাস্তিকদের বিরুদ্ধে ব্যবস্থা না নিয়ে ধর্মীয় মূল্যবোধে বিশ্বাসী আমারদেশ পত্রিকার বিরুদ্ধে ব্যবস্থা নিচ্ছে। ,Religious
"অন্যের ক্ষতি করা থেকে বিরত থাকুন। অন্যের ক্ষতি করলে, নিজেরও ক্ষতি হবেই। তাই অন্যের ক্ষতি করে নিজের ক্ষতি ডেকে আনবেন না। ",Personal
পালানোর পথ খুঁজছে খুনীরা। এই খুনিরাই দেশটাকে শেষ করে দিল। ,Geopolitical
চাঁদাবাজ আকবরের পদে এসআই জুয়াড়ি শাহিন পরে বদলি। ,Personal
"প্যান্ট শার্ট টাই পরে, ঝাড়ু হাতে ময়লা পরিস্কারের অভিনয় না করে। ঘুষ খাওয়া বন্ধ করে, নিজের মনটাকে আগে পরিস্কার করুন। ",Personal
"ফেলে আসা দিনগুলি, আরেকটু ঘুরিয়ে দে। ",Neutral
দিহানের সব কুকীর্তি ফাস করলো আনুশকার বান্ধবী ও শিক্ষক। ,Personal
সত্যি করে বল ডাইনোসর বিলুপ্ত হয়ে গেছিল নাকি তোরা খেয়ে ফেলেছিলি? ,Geopolitical
ওরে জুতা মার।  ওর কপালে জুতা মার। ,Personal
আনুশকার মাকে নিয়ে একি বললেন আব্বাসী? আবারও মসজিদের সামনে ডান্স। ,Personal
"জামাই শাশুড়ির বিয়ের আসল কারন, সত্য ঘটনা ফাস। ",Personal
যখন তুমি সব গুছিয়ে আরামে বিছানায় শুয়ে পড়ো কিন্তু বাতিই অফ করতে ভুলে যাও। ,Neutral
"ওরে মাগী!    জোরে দে, জোরে দে। জোরে জোরে লাগা।",Personal
অসম্ভবকে সম্ভব করাই অনন্তর কাজ। ,Neutral
পিরিতের রসে তোরে ভিজাইয়া দিমু।    ,Personal
৫ বল খেলে লাস্ট বলে সিঙ্গেল নেওয়া মানুষগুলার মতো ক্রিমিনাল আর একটাও নেই।,Personal
"রেগে যাচ্ছেন কোনো? রাগবেন না, বেশি রাগলে হার্টের ক্ষতি হয়। ",Personal
"ফ্রেন্ড তো অনেক থাকে কিন্তু, কলিজার টুকরা অনেক কম থাকে। ",Neutral
যাদের দোয়া ও শিক্ষায় আমাদের চলার পথ আল্লাহর পথে পরিণত হয় তাদের রক্তে রঞ্জিত করছে শেখ হাসিনার আওয়ামীলীগ।,Geopolitical
"গয়েশ^রকে দেখতে নয়াপল্টনে বিদ্যুৎ প্রতিমন্ত্রী, এ যেনো সর্প হইয়া দংশন করো ওঁঝা হইয়া ঝাড়ো অবস্থা। ",Geopolitical
যদি তুমি মাকে জেলে রেখে লন্ডনে লুকিয়ে থাকো তবে তুমি তারেক। ,Political
"হাসিনার লগি বৈঠা ভুলি নাই, ভুলব না। ",Geopolitical
"বললাম তো ঘটনা ভাইরাল হইলে আইসেন, মামলা নেবনে। ",Personal
অবৈধ প্রধান মন্ত্রীর অসভ্য ভাষা। এর আর কি বলব এর তো আর কিছু বলা নাই। ,Geopolitical
"বিড়াল দুধের উপর বসা দেখে আমার ইচ্ছা, এইবার মরলে শালা বিড়াল হবো। ",Personal
যখন তুমি টানা ৯ বার মারার পর ১০ তম বার তোমার ঝুনঝুনিতে হাত দাও। ,Neutral
মুক্তিযুদ্ধের নামে লুন্ঠনকারী দুর্নীতিবাজ রগচটা বদমেজাজী আ ক ম মোজাম্মেল হককে আপনারা আবারো আওয়ামীলীগের মন্ত্রী হিসেবে দেখতে চান? ,Political
"শেভ করলে তোমাকে দারুন লাগে, আর তোমাকেও । ",Neutral
এত উকুন নিয়ে রাতে ঘুমোস কী করে বু ?,Neutral
"স্বরাষ্ট্রমন্ত্রী একজন বড় রাজাকার, তাকে ধরে ফাঁসি দিন। তাহলে বুঝতে পারবো আপনারা সত্যিকারে রাজাকারের বিচার করছেন।",Geopolitical
গুয়ের সন্দেশ প্রতি কেজি ৪৫০ টাকা।,Personal
"পরে যখন জানতে পারি এই মেয়েটি আমাদের একানে রাধুনী হয়ে কাজ করতে এসেছে, তখন আমি। ",Neutral
সাত খুন নয় পুরো বাংলাদেশকে হত্যা করলেও আমাকেও কেউ ক্ষমতা থেকে নামাতে পারবে না- মায়া। ,Geopolitical
কিছুক্ষন পর দেখি বন্ধু ও ভয়ের ঠেলায় বিড়ি ধরাইতাছে। ,Personal
"সারা বছর না পড়েও যখন শুনি বেতন দিতে হবে, আই ফাক ইওর সিস্টেম। ",Personal
এক পরাশক্তির অন্যায় যুদ্ধ আতঙ্কিত করেছে বিশে^র মানুষকে। ,Geopolitical
হয় ফোন ঘাটা বন্ধ কর নয় বাড়ি থেকে বেরিয়ে যা। ,Neutral
কেরলে প্রকৃতির প্রতিশোধ এমনই মারাত্মক। ,Personal
"আমার সাথে কি হইছে জানতে পারার পর আমার ছোট ভাই, কি দাদা কি খবর? ",Neutral
"উদ্ভিদের প্রাণ আছে বলেছিলাম,  আজ দেখছি লজ্জাও আছে।  ",Neutral
"যায়াবেটিকসের রোগী প্রতিবার মিষ্টি খাওয়ার সময়, জনি আরো বেড়ে যাবে, তাও শেষবারের মত খেতে হবে। ",Neutral
"চীনের জীবাণু যুদ্ধ, তৃতীয় বিশ^যুদ্ধের মহড়া। ",Geopolitical
"পৃথিবীতে একটাই সমস্য সেটা হলো বউ, কেউ আনার জন্য কাঁদছে আর কেউ এনে কাদছে। ",Neutral
আরিফ ভাইয়ের দুধের মালাই। কিছুই বুঝলাম না। ,Neutral
"আমি, পানি গরম করে দাও গোসল করবো। আম্মু, তুমি কি রাজপুত্র? ",Neutral
"কিন্তু যখন দেখতে পাই যে, মমতাদি আমাকে কোনো পাত্তাই দিচ্ছে না, তখন আমি। ",Neutral
তরমুজের উপরে সবুজ আর ভেতরে লাল হওয়া সত্ত্বেও কাঁঠাল কেনো আমাদের জাতীয় ফল? ,Neutral
কে এই মিথ্যাবাদী প্রিয়া সাহা? একে বিচারের আওতায় আনা হোক। ,Personal
"কুদ্দুস যখন বলে,  ভাই আমার একটা সুন্দরী শালী আছে, যদি চান তাহলে আমি আমার শালীকে আপনার বিয়ের প্রস্তাবটা দিতে পারি। ",Neutral
"আমিও মমতাদির উত্তরে বলি যে, আমি তো সন্দেশই বুঝাইছি। ",Neutral
"কয়েক দিন ধরে কিছু খাচ্ছে না, খুব চিন্তায় পরে গেছি। ",Neutral
ফেসবুক লাইভে এসে স্ত্রীকে কুপিয়ে হত্যার আসল কারণ এবার জানা গেল। ,Personal
প্রজেক্টরে পড়াতে গিয়ে যখন স্যার ভুলে ১৯-২০ ভিডিও চালু করে ফেলে। ,Neutral
"বন্ধুর সাথে রেস্টুরেন্টে গেছিলাম, কোন হালায় ফেস এ্যাপ দিয়ে এই আকাম টা করছে, এখন বাসায় ভূমিকম্প চলে। ",Personal
এখন কি করমু? ক্রিসমাসের পর লাগাদার আন্দোলনের ঘোষণা দেন। ,Neutral
"ছাত্রলীগ, যুবলীগ, আওয়ামীলীগ একটি জঙ্গি, সন্ত্রাসী সংগঠন। এদের নিষিদ্ধ ঘোষণা করা হোক। ",Geopolitical
যেখানে হিন্দু পাও হত্যা করো। হিন্দুদের আস্তানা শেষ করতে হবে। ,Religious
তোমার দিকে কেউ নজর দিলে ওর চোখ তুইলা ফালামু। তোমার নজরই তো সুবিধার লাগছেনা । ,Neutral
"রাত ৩ টা বাজে বাথরুমে গিয়ে এক্সের কথা ভেবে আমি যখন কাদতে থাকি, তখন বাথরুমে থাকা জি¦ন। ",Neutral
"সমস্যা হাজারটা, সমাধান একটাই, অভিনেত্রীর পতন চাই। ",Geopolitical
"শ্যামল কান্তি ভক্ত বলেন তোদের আল্লাহ নাপাক, তোরাও নাপাক। নাউজুবিল্লাহ, শ্যামল কান্তির ফাঁসি চাই। ",Religious
মানুষরূপী শয়তান। এই শয়তানরা প্রকৃত শয়তানের চেয়ে ভয়ংকর হয়। ,Personal
"যাও চার্লি, তোমার আম্মুকে বলো যে, তোমার একটা ভাই/বোন লাগবে। ",Neutral
পোশাকের উপরই কারো চরিত্র নির্ভর করে না। ,Neutral
বন্ধু যখণ পাশে বসে বিড়ি জালায় আর যখন আপনাকে বিড়ির পুটকি দেয়। ,Personal
ছ্যাঁকা খেয়েছেন? সেটা বড় কথা নয়। প্রেমে অংশ গ্রহণ করতে পেরেছেন এট্ইা বড় কথা। ,Neutral
"রাতের বেলা এক বড় ভাইয়ের সাথে ফুল স্পিডে বাইক চালিয়ে বাসায় ফিরতেছিলাম, এমন সময়- এইযে, এইখানটায় আমি এক্সিডেন্ট করে মারা গেছিলাম। ",Neutral
মেনশন করুন এত বুদ্ধি যার মাথায় হতে পারে। ,Neutral
"হত্যা হলো নির্বাচিত কমিশনার, এ কোন দেশে বসবাস করছি আমরা। ",Political
ওদিকে পাকিস্তান হামলা করছে আর তোরা এখানে হিন্দু মুসলমান নিয়ে লাড়াই করছিস। ভুলে যাসনা আমরা সবাই ভারতীয় আমাদের শত্রু পাকিস্তান। ,Geopolitical
"এই আজতো আমাদের ১ম বিবাহ বার্ষিকী, আমরা আজ কি করব? আসো, আমরা দুই মিনিট দাড়িয়ে নিরবতা পালন করি। ",Neutral
"জ¦লছে দিল্লি, বাঙালি সাংবাদিকের প্যান্ট খুলতে ধর্ম যাচাই। ",Religious
যখন হটাৎ রাস্তায় বেস্টফ্রেন্ড এর সাথে দেখা হয়। ,Neutral
পাছাডা ধ্বংস কইরা লাইছিরে ভাই।,Personal
"আমার বিয়ের গাড়ির ফুল কেউ ছিড়বি না, বলে দিলাম।",Personal
"জুমার নামাজের পর মোনাজাত ধরে আছি, আর জিলাপির প্যাকেটের দিকে নজর রাখছি। ",Neutral
"পাম দিস না, পাম দিস না,  আসল কথা বল। ",Neutral
তারপর ঐ জীন তার গার্লফ্রেন্ড জীনকে নিয়ে আমার সামনে থেকে চলে যায়। ,Neutral
"গাড়িতে সিসি ক্যমেরা লাগানো আছে, টোনাটুনি সাবধান। ",Neutral
আমার বুকে কি যে কষ্ট।  আমি এখন আমি কি করমু? ,Personal
গার্মেন্টস ধ্বংসে ২০ হাজার ভারতীয় ম্যানেজারের ইন্ধন। ,Personal
কেনো আনুশকার মত মেয়েদের সাথে এমন হয় ? ,Personal
"যখন শুনি গ্রামের চাচাতো ভাই আমাদের এখানে চাকরীর সন্ধানে এসছে, তখন আমি। ",Neutral
"দিহান আনুশকার কঠিন পরিনতি, আসল দায়ী কারা? ",Personal
"দাড়া, দুটো বাল ছিড়ে তার হাতে দেই। ",Personal
তুই আমারে চ্যালেঞ্জ করতাছোস?   তোরে আমি কিন্তু দেখাইয়া দিমু। ,Personal
সে কোথায়? যার জন্য আমি সিঙ্গেল। ,Neutral
"অনেক রাত হইছে শীত লাগতেছে খুব তাই আমি, যাই মুতি আসি হুতি পরি। ",Personal
খানকির পোলায় কয় কি?  ওয়ান টু তে খালাস কইরা দিমু।,Personal
"মেকাপ করা মেয়েদের দিকে দুবার তাকাতে হয়। একবার মুখের দিকে, আর একবার পায়ের দিকে। ",Neutral
"নতুন নামে ডাকো, তেল বাবাই হলে নতুন নাম। ",Personal
"জীবনে তো চুরি বাটপারী করে কম ম্যাচ জিতলি না সেগুলি কি করলি? মাম নম ওয়াস্তে একটা ম্যাচ ভিক্ষা দেন,বিড়ি খামু। ",Personal
কল্যান পার্টির সরকার পতনের দোয়া। ,Political
আমার অবস্থা দেখে আমার বন্ধুরা। ,Neutral
মেয়েরা হাসলে টোল পরুক বা না পরুক কিন্তু ঘুমানোর সময় লুল ঠিকই পরে। ,Neutral
"অন্যদের ফোনে মেসেজ আসে বাবু খাইছো, কি করো, গুড মর্নিং,  আর আমার ফোনে আসে ১ জিবি ১৭ টাকা মেয়াদ ১২ ঘন্টা। ",Neutral
আওয়ামী ধর্ষক মিডনাইট এমপি নাজিম উদ্দিন আহমেদের কান্ড।,Geopolitical
বাংলাদেশের কিছু বিখ্যাত মেধাবী ব্যক্তি। ,Neutral
এটা কি বাল বানিয়েছো? একদম খুন্তি ছেকা দিয়ে দেব। ,Personal
"কি করলাম জীবনে? না পেলাম প্রেম পত্র, না পেলাম মনোনয়ন পত্র। ",Neutral
"দোস্ত গায়ে হলুদের পরের দিন আমার বিয়ে দাওয়াত রইল, গায়ে হলুদ কোনদিন? বিয়ের আগের দিন। ",Neutral
বুকে আয় ভাই। আয় তোরে অনেকদিন পর্যন্ত খুজতেছি। ,Neutral
"মদ খাবো না খাবো চুল্লু রে, চুল্লুর প্যাকেট আমার কানে কানে কয়। ",Personal
বেঁচে থাকার জন্য দ্বিতীয় অক্সিজেন হলো মা। ,Neutral
"চরম মূল্য দিতে হবে পিয়ংইয়ংকে, যদি তারা যুদ্ধ থেকে ফিরে না আসে। ",Geopolitical
স্ত্রীর সম্মতি ছাড়া যৌন সম্পর্ক ধর্ষণ গণ্য হবে বলা তার বউ  এবং যৌন অক্ষমতা নিয়ে বসে থাকা স্বামী। ,Neutral
"৫ মে রোববার, মধ্যরাতে গুলিবিদ্ধ অবস্থায় পড়ে আছে দুই হেফাজত কর্মী। ",Religious
"যখণ পরীক্ষার্থীরা পরীক্ষায় নকল করার পরিকল্পনা করতে থাকে এবং বলে আল্লাহ ভরসা, তখন শয়তান ও পরীক্ষার্থী । ",Personal
ভবা পাগলার গান মা তোর এই ভেজাল সোনা ঘষে নে না কষ্টি পাথরে। ,Personal
"যখন আব্বু বলে, যা আগামী এক সপ্তাহের ভিতর তোর বিয়ে দিবো। তখন আমি,  কি যে বলেন আব্বু?",Neutral
মেয়ের স্বামী কি তার মার জন্য মাহরাম। মা কি তার মেয়ের স্বামীর সাথে ছেলের মতো আচরণ করতে পারবে। ,Personal
আর কতো চুষবি? আউট হয়ে গেল তো।,Personal
"প্রত্যেকবার ফেসবুকে ফেমিনিস্ট দেখার পর মনে মনে আমি, ভালা জামাই তোর কপালে মিলতো না। ",Neutral
আন্তর্জাতিক মিডিয়ায় দেয়া বিভিন্ন সাক্ষাৎকারে জয় কেন বাংলাদেশ সেনাবাহিনীর সমালোচনা করে বিদ্রোহের জন্য সেনাবাহিনীকে দায়ী করলেন? এ প্রশ্নের উত্তর এখনো মিলেনি।,Geopolitical
"তেমন কিছু না, মেলায় হারিয়ে যাওয়া চাচা-ভাতিজা। ",Neutral
ভারতীয় পণ্য বর্জন করলে কার বেশী ক্ষতি হবে? ,Geopolitical
"এই লন আপনার জন্য ফূল আনছি, পরের বার মেকাপবক্সটা আনিস। ",Personal
"ইরফান সেলিম বরখাস্ত, তাকে গ্রেফতার করে জেলহাজতে প্রেরন করা হয়েছে। ",Personal
"ফটো সুন্দর হইছে, নাও, মিষ্টি মুখ করো। ",Neutral
আমি কেমন ধরনের বলে তোমার মনে হয় ? ,Neutral
তুই একটা বাটপার।  মাইয়া মানুষ দেখলে হুশ থাকে না? ,Personal
"ঠাকুর একটা ভালো বয়ফ্রেন্ড দাও না। তখন ঠাকুর বলে, দিয়েছিলামা সিন করে রিপ্লাই দিস নি। ",Neutral
ভারতে করোনা রোধে গোমূত্র পানের পার্টি। ,Personal
"শান্তিতে ঘুমাতে, রংপুর এইদিকে। এটা কোন চেটের বাল?",Geopolitical
ভাইজানের মুক্তির দাবিতে রায়দিঘী রোড অবরোধ। ,Political
ক্লাসে এসে জানতে পারি আজকে পড়া ধরবে তাও আবার কৃষি । ,Neutral
পড়ালেখা পুটকি দিয়ে ঢুকিয়ে দেবো।,Personal
"বড় কথা বলিস না, তুই যে শ্যাম্পু মাথায় দেও, সেই শ্যাম্পু দিয়ে গাড়ি পরিস্কার করি। ",Neutral
"ছেলেরা যেভাবে সেলফি তোলে,  দেখুন এই  পিকচারটিতে। ",Neutral
৩ মাসের প্রেমের পর মেয়ের অবস্থা আর ৩ বছর প্রেমের পর মেয়ের অবস্থা। ,Neutral
যখন প্রোপোজ করতে গিয়ে প্রেমিকার বাবার এন্ট্রি হয়। কাকা ফুলটা আপনার জন্য এনেছি আজ বিশ^ কাকা দিবস। ,Neutral
বউ এর চেয়েও শালি সুন্দর হলে যা হয় আর কি। ,Neutral
এই জলাবদ্ধতার জন্য ভারত দায়ী। ,Geopolitical
ভিক্ষুদের বর্বরতা মাত্র ছাড়িয়ে গেছে। ,Geopolitical
"লেখাপড়া কেমন চলছে? খুবই ভাল চলতেছে, চলতে চলতে আমাকে রেখেই অনেক দুরে চলে গেছে যে, এখন আর ধরতেই পারছি না। ",Neutral
জামায়াতের রাজনীতি করার নৈতিক অধিকার নেই বলায় এই পুলিশ কে হাছান মাহমুদের দয়িত্ব দিবেন প্রধানমন্ত্রী। ,Geopolitical
"স্যার একটু ওয়াশরুমে যাবো,পরীক্ষার সময় কেন যেতে হবে? ",Neutral
"বাংলাদেশের একমাত্র সিরিয়াল কিলার মেজর জিয়া, ৪১৮৬ জন সামরিক কর্মকর্তাকে হত্যা করে মেজর জিয়া। ",Political
ফাসির হাত থেকে বাচতে দিহানের নতুন ফাদ। ,Personal
মানবিকতা নয় পাশবিকতাই জয়ী। যাদের কাছে গরুর জীবনের দাম মানুষের জীবনের দামের থেকে বেশী। ,Personal
"আর একবার আমার সিজিপিএ জিজ্ঞাসা করে দেখ, গুলি করে দেব। ",Personal
আমি তোমার কলা কাপিয়ে দেব। ,Personal
সাকিব আল হাসানের  পূজা উদ্বোধনের নেপথ্যের ঘটনা।,Religious
ভারতের তারা টিভিতে বাংলাদেশের জাতীয় পতাকা পদদলিত। ,Geopolitical
ঐ ভাতিজা মাস্ক কই? মাস্ক ছাড়া তুমি কোথায় যাচ্ছ ? ,Neutral
দুঃখিত আমরা মুসলিমদের চাকরি দেই না।,Religious
গাঁজা খেয়ে ব্যাট করতে নামবেন না। ,Personal
ইসলাম বিদ্বেষী নাস্তিক ব্লগার আসিফ মহিউদ্দিন-এর ফাঁসি চাই। ,Religious
কেউ চার্জ দেওয়া অবস্থায় মোবাইল টিপবেন না। কারণ আপনি যখন খাবার খান তখন যদি আপনাকে কেউ গলা টিপে ধরে কেমন লাগবে? ,Neutral
আপনাদের ভালো লাগলে এর ২য় পর্ব বের করার জন্য বসে থাকা আমি । ,Neutral
বাপের পকেট থেইকা টাকা চুরি কইরা যখন আবার সেই টাকা বাপের সাথে সাথে আমিও খুঁজতে থাকি। ,Neutral
হঠাৎ কোনো বন্ধু যখন মেসেজ দিয়ে জিজ্ঞেস করে বিকাশে টাকা আছে?,Neutral
গৃহবধু খুনের অভিযোগ উঠল শ^শুরবাড়ীর সদস্যদের বিরুদ্ধে। ,Personal
"আর্মিতে পরীক্ষা দিতে আসছি, পাছা দেখাতে নয় । ",Neutral
"ছাত্রলীগ ধর্ষণ করে, শেখ হাসিনা কি করে? ",Geopolitical
"চৈত্র মাসের গরম, নষ্টা মাগির চেয়েও বেশরম। ",Personal
"বাবা কোন সময় ধনী কিংবা গরীব হয় না, বাবা সবসময় বাবাই হয়। ",Neutral
"১ম বার ফেল করার পর, ২য় বার ফেল করার পর, ৩য় বার ফেল করার পর, এরপর যখনই ফেল করি। ",Neutral
মানুষরূপী পুলিশের নিষ্ঠুর নির্যাতনে পঙ্গু সিলেট মহানগর শিবির নেতা সোহেল।,Geopolitical
"মিম এ প্রচুর হা হা পরছে, প্রায় সবাই মেয়ে। ",Neutral
ওর পাছায় জোরে ১০টা লাথি মারেন।,Personal
"জনগনের টাকায় নির্বাচনী ব্যয়, কৈ এর তেলে কৈ ভাজা। ",Geopolitical
বাসায় এসে মা যখন আমাকে আদর করে ঘরে ঢুকায়|,Neutral
"হ্যালো দোস্ত, ১ ঘন্টা পর পরীক্ষা তুই কি কি পড়ছিস? আমি তো সাদা শার্টের সাতে জিন্স প্যান্ট পড়ছি। ",Neutral
আমরা যেন স্টুপিড জনগোষ্ঠিতে পরিণত না হই। ,Personal
ঢেকে রাখলেই নিরাপদ। খোলা রাখলেই অনিরাপদ। ,Neutral
"বালের মতো বউ, একটি বাচ্চা বউয়ের গল্প। ",Personal
শুধ দাঁড়ি-টুপির জন্য গ্রেফতার। এটাতো ট্রাম্পের আমেরিকা আর মোদির ভারতেও সম্ভব না। ,Religious
"পদচ্যূত হচ্ছেন জেনারেল আজিজ, নতুন ভালোবাসা লে.জে. সফিক। ",Personal
"আমরা মানুষ বলে এখানে থাকি, জানোয়ার হলে এখানে থাকতাম। ",Neutral
"রাষ্ট্রীয় দায়িত্ব রাষ্ট্রপতির হাতে নাই, গোপন তথ্য ফাঁস করলেন রাষ্ট্রপতি। ",Political
"ওদিকে আবার দেখি আমার পোস্ট এ আইসা একজন লিখছে, এটা কপি পেস্ট এরকম সেইম পোস্ট ১ মাস আগে দেখছি। ",Neutral
"যখন তুমি ক্লাসে ব্যাগ থেকে পানির বোতল বের করো, ভাই আমাকেও একটু দিস। ",Neutral
"বরগুনায় রিফাত হত্যা, হত্যাকারীদের সকলের ফাঁসি চাই। ",Personal
করোনা ভাইরাসে অনেকের সারা বছরের প্লান এভাবে সেক্স করা।,Personal
একদম লেটেস্ট মাল।  কে কে এই মাল কে খাইয়া ছাইড়া দিতে পারবেন? ,Personal
ঢিল মারার সময় যখন পিওন আমাকে দেখে ফেলে। ,Neutral
বাবা-মা মেয়েকে ডাক্তার বানানোর প্লান করছে আর মেয়ের মন অন্যদিকে। ,Neutral
হালার মুখে মুইত্তা দে। হালায় এক নম¦র ফাউল লোক। ,Personal
বন্ধু বিয়ের কার্ড দিয়ে গেলো তাতে লেখা আছে স্টে হোম স্টে সেফ। এখন বুঝতে পারছিনা নিমন্ত্রণ করে গেলো নাকি যেতে বারণ করলো। ,Neutral
"তুই সবকিছুতে খালি মোবাইল মোবাইল করছ, যেইডা আমার দিতে মন চায়না। ",Neutral
"চোরের মায়ের বড় গলা, বলছে মাওলানা শাহীনুর হোসেন। ",Personal
"আমি কৃষ্ণ, তুমি রাধা। চাকরি না পেলে আমি বোন, তুমি দাদা। ",Neutral
"যখন রিমোট নিয়ে ভাই বোনদের সাথে কাড়াকাড়ি করতে যেয়ে ভেঙে ফেলি, তখন আব্ব বলে, কাউকে ছাড় দেয়া হবে না। ",Personal
"পানিতে যখন নেমেছি মাছ আমি ধরবোই, ভালো যখন বেসেছি বিয়ে আমি করবোই। ",Neutral
হজরত মহাউম্মাদ ও কুত্তা বিলাই। ইসলাম ধর্মের প্রিয় নবীকে কটুক্তি। ,Religious
নৌকার প্রার্থীর কাছে কাবু বিএনপির সাবু। ,Neutral
সোনার মত চুষে খেয়েও মোটা না হওয়া মেয়ে ইনি। ,Personal
গাড়িতে উঠার পর গাড়ির ঝাকুনীর সাথে দেড় ফুট উঁচুতে উঠে যাওয়া প্রাণীগুলোর নাম চিকন মানুষ। ,Neutral
"‘সুখী মানুষ’ পড়ার পর মেয়েটিকে বুঝাচ্ছি, সূখী হতে হলে জামা না পরার গুরুত্ব। ",Neutral
"হিমুর প্রতি রুপার ভালোবাসা দেখার পর আমি মনে মনে, ওমাগো টুরু লাভ। ",Neutral
জাপান আমাদের থেকে কেন এতো বেশি উন্নত? ,Neutral
"রেষ্টুরেন্টে বিকাশে বিল দেয়া বন্ধু , আমরা হইলাম অতি উচ্চ বংশ। ",Neutral
ঘরে বসে পয়সা ডাবল করার সহজ উপায়। ,Neutral
"জোরে দে, জোরে দে। জোরে জোরে লাগা।",Personal
"বন্ধু লুচ্চামি সুরে, আমার তৃতীয় পায়ের একটা মোজা লাগবো একটু ব্যবস্থা করে দে না। ",Neutral
"তোর বয়সী মেয়ের বিয়ে হয়ে গেছে আর তুই এখনো মোবাইল টিপ। আন্টি আপনার মতো কতো মানুষ মরি মরি হুতি যায়, আপনি মরবেন কবে? ",Neutral
এটা কার জামাই হতে পারে? হুদাই মেনশন করে চ্যাতাইয়া দেন। ,Neutral
সবগুলোতে সিল মারা কিসে ভোট দিবো? শালারা আমার ভোটের অধিকার কেড়ে নিল। ,Political
"হ্যালো গাইজ, সবাইকে আমার ইউটিউব চ্যানেলে স্বাগতম। আজকে ভিডিওতে আমরা পরিদর্শন করব একটি পুরাতন ভূতুরে বাড়ি। ",Neutral
"রাগী মেয়েদের দিয়ে বেশি বেশি কাপড় চোপড় ধোয়ানো উচিৎ,  কারন তাদের রাগ যত বাড়বে কাপড় চোপড় তত পরিস্কার হবে।  ",Neutral
"কানের নিচে একটা দিমু, শালার পো।",Personal
"তুরাগ বাসে উঠলাম,   কিন্তু কোনো ভিড় নাই । ",Neutral
বলতো অপারেশনের আগে রোগীকে অজ্ঞান করা হয় কেন? রোগী যাতে ডাক্তারী শিখে না যায়। ,Neutral
"এভাবে যদি প্রিয়জনের লাশ পড়ে থাকতে দেখতে না চান, আওয়ামীলীগের বিরুদ্ধে রুখে দাড়ান। ",Personal
দুর মিয়া ছাড়েন তো আমি খাবো না আমার এত্ত লোভ নেই। ,Neutral
ফাঁকা বাসায় তোমরা দুজন কী করছো? আনুশকাকে ধর্ষনের পর যেভাবে ধরা পরে দিহান। ,Personal
স্ত্রীকে রেগে দুটো থাপ্পড় মারার কিছুক্ষণ পর স্বামী বললো একজন মানুষ শুধু ঐ মানুষকেই আঘাত করে যাকে সে সবচাইতে ভালোবাসে। ,Neutral
আমরা গরিব হইতে পারি কিন্তু ফকির মিসকিন না।,Personal
আচ্ছা আমি মারা গেলে তুমি কি আবার বিয়ে করবে? প্রথমেই খবর নিব এক্স সিঙ্গেল আছে কিনা?,Neutral
পিলখানা হত্যাকান্ডে কিছু সাধারণ প্রশ্ন? যে প্রশ্নগুলোর জবাব মেলেনি আজও। ,Personal
"জয় বাংলা, জয় বঙ্গবন্ধু। চুতমারানির পোলা আগে বিসমিল্লা কইলি না কেন? ",Political
আনুশকার যৌনাঙ্গে মিলেছে ফরেন বডির আলামত। কি ছিল সেটা? ,Personal
বোনের উপর বাটপারি। আর বাটপারি করিস না। ,Neutral
"একটা বিবাহিত মেয়ের পিছনে এত পাগল হয়েছি দেকার পর, আমার চাচাত ভাই। ",Neutral
"সেই স্বামী কখনও পথভ্রষ্ট হবে না, যার ঘরে  একজন দ্বীনদার নামাজী স্ত্রী আছে। ",Neutral
কেউ একটু বলবে? আমি কত % শয়তান? ,Neutral
"তান্ত্রিক বামা চরণ বন কবিরাজ, অসম্ভবকে সম্ভব করাই তার কাজ। ",Neutral
ধর্ষনে অতিরিক্ত রক্তক্ষরণ ও আঘাত চলছে জবানবন্দি। ,Personal
"ধ্বংস তাদের জন্য, যারা প্রকাশ্যে ও গোপনে অপরের দোষ বলে বেড়ায়। ",Personal
"আমি আর ঘরে থাকতে চাই না, আমি তাই বাড়ি থেকে চলে গেলাম। ",Neutral
বেবি একটু ভিডিয়ো চ্যাটে আসো না? ঘরে বাবা আছে। ,Neutral
আমার চেয়ে বেশি প্যাচ দুনিয়াতে নাই। উচ্চতর গণিত তার চেয়েও প্যাচওয়ালা। ,Neutral
"২ মাসে দেড় হাজার গ্রেফতার, বাসা বাড়িতে দিবানিশি তল্লাশি। ",Personal
১৯ সালের পর বিএনপির অস্তিত্বই থাকবে না। ,Political
"যা তকদিরে লিখা আছে তা আসবেই, আর যা তকদিরে লিখা নাই তা আসার পরও চলে যাবে। ",Neutral
লাইভ পর্ণ দেখে চেতনাদন্ড নাড়াতে নাড়াতে উত্তেজনার চরম মূহুর্তে এসে যখন এমবি শেষ হয়ে যায়। ,Personal
"হেসে লাভ নাই, এইবার মাইর খাবা। কোন মাফ পাবা না। ",Personal
"ক্যাম্পাসটাকে অনেক মিস করতেছি, ভাই। ",Neutral
"আমাদেরকে বাইক না দিয়ে, নৌকা দিলেই পারতো। ",Neutral
"স্যারের কাছে প্রাইভেট পড়া পোলাপান ফেল করার পর, তুই শালা জাতীয় বেইমান।",Personal
কারগারে ওসি প্রদীপ কয়েদিদের হাতে গণপিটুনির স্বীকার। ,Personal
"জয় বাংলা, বাংলার জয়। এটাই হলো বর্তমান বাংলাদেশের স্লোগান। ",Neutral
"তাড়াহুড়ো করে গরম চা মুখে দেয়ার পর, আমি আর পারছি না, আমার সব জ¦লছে। ",Neutral
"সুষ্ঠু ভোট,ভোলায় টেবিলের নীচে প্রিজাইডিং অফিসার। ",Geopolitical
"ছবিটির মাঝে লুকিয়ে থাকা ঈমান, দুঃসাহস, ভালবাসা, ক্ষোভ আর প্রতিবাদের ভাষা বোঝার ক্ষমতা আছে কি? ",Personal
এই শালা তোর বন্ধু কই?   তোর বন্ধুরে আমার সামনে ডেকে আন। ,Personal
"চাকুমেরে মহিলা খুন, এবার বিক্সটনে। ",Personal
এইডা কোন কথা। ফজলামির একটা সীমা আছে। ,Neutral
"কিন্তু যখন পরে আব্বু বলে যে, চাচাতো ভাই বাসের কন্ডাক্টরের চাকরী পেয়েছে , তখন। ",Neutral
আওয়ামীলীগ বঙ্গবন্ধুকে পণ্য বানিয়ে ফেলেছে। ,Geopolitical
"ফেসবুকে স্ট্যাটাস দিলাম বৌ চাই, ৫ জন লাইক দিল আর ৫০ জন কমেন্ট করলো আমার টা নিয়ে যা। ",Neutral
"মাথা ফাইট্টা দyইভাগ না হলে, এইগুলার শিক্ষা হবে না। ",Neutral
"ভালোবাসাটা শাহজাহানের চেয়েও কম ছিলো না, শুধু টাকার অভাবে তাজমহল বানাতে পারি নি। ",Neutral
"আওয়ামী হায়েনাদের নিপীড়নে আজ ক্ষত-বিক্ষত মানচিত্র, রক্তাক্ত জাতি, হুমকির মুখে সার্বভৌমত্ত্ব। ",Geopolitical
"প্রেম করবে গোপনে আর কষ্ট প্রকাশ করবে সবার সামনে। সুটিয়ে লাল করে দেবো, নোংরামি বার করে দেবো। ",Personal
"যখন কেউ জিজ্ঞেস করে,স্কুল, কলেজ, ভার্সিটি সব তো শেষ করে ফেললে কিন্তু তোমার বন্ধু নেই কেনো?",Neutral
"তোমার মুখে দাঁড়ি তোমাকে পুলিশে ধরবে, আর তোমার মুখে দাড়ি নাই তোমাকে আল্লাহ ধরবে। ",Religious
হুজুরদের কতা আর সহ্য করা হবে না। ,Personal
গাজায় স্থায়ী যুদ্ধবিরতি: ইসরাইলের বিরুদ্ধে হামাসের বিজয়। ,Geopolitical
কথা ক তোর বাপের লগে কথা ক। ,Personal
ছেলেদের ও মেয়েদের ব্রেকআপের পর শান্তনা বানী। ,Neutral
যখন ন্যাকা মামনি তার বয়ফ্রেন্ডকে কুত্তা বলে ডাকে। ,Personal
তোমার আমার গোপন পীরিত।  সে কি ভোলা যায় শালী? ,Personal
"উঠে গেলো নিষেধাজ্ঞা, ইচ্ছেমতো অস্ত্র কেনা-বেচা করতে পারবে ইরান। ",Geopolitical
"ঘুম ভাঙ্গার পর আরো ঘন্টা খানেক শুয়ে থাকা মানে অলসতা নয়, ইহা বিছানার প্রতি ভালোবাসা। ",Neutral
দিহান আনুস্কার নিতম্বে পিটিয়ে কি অবস্থা করেছে দেখুন। ,Personal
"মেরে ফেললে ফেলুক, কাফনের কাপড় পরে প্রস্তুত আছি। ",Personal
লবন চর্বি বাড়ায়  আর শসা চর্বি কমায়। আমরা বাঙালি লবণ দিয়ে শসা খাই। ,Neutral
"আচ্ছা বাবু, তুমি আমাকে রানী বলে ডাকো কেন?   চাকরানী অনেক লম্বা তো তাই সংক্ষেপে রানী ডাকি। ",Neutral
আমি তোমার হাতে একটা কিস দিতে পারি? হাতে কেন? আমার ঠোটে কি বিষ আছে নাকি? ,Neutral
এক মাস পর বন্ধুর গার্লফ্রেন্ড|,Neutral
ধর! মুরতাদের ফাঁসি চাই। মুরতাদটি ইসলাম বিদ্বেষ ছড়াচ্ছে। ,Religious
"আল্লাহ কিন্তু অন্য কেউ নয়, আল্লাহ হলো মুহাম্মদের ফেক আইডি। ",Religious
"জোরে দে, জোরে দে। জোরে জোরে লাগা।",Personal
জোড় করে চাঁদা তুলে জুয়া খেলতেন এসআই আকবর ও জুয়াড়ি শাহিন। ,Personal
"সরি বাবু বাল কাটার সময় পাই নাই, তখন ফাক বয়, ব্যাপার না বাবু চিল। ",Personal
গোপন সুড়ঙ্গ পথের মুখ। এখান থেকে গোপনে চলে যাওয়া যাবে। ,Neutral
কাশ্মীর সীমান্তে শতাধিক ট্যাংক পাঠাচ্ছে পাকিস্তান। ,Geopolitical
"লেগেছে রে লেগেছে রক্তের আগুন লেগেছে। ম্যাক্রোর গালে গালে, জুতা মারো তালে তালে। ",Religious
বাসায় এসে ভাবতে থাকি কেমনে ঐ মেয়েরে আমার প্রেমে ফেলানো যায়। ,Neutral
"আজ থেকেই ছেঁড়া জুতা সংগ্রহ করুন, ১৪ ফেব্রুয়ারি তে কোন নাস্তিককে প্রকাশ্য চুমু খেতে দেখলে ছুড়ে মারুন। ",Personal
"পাগলী তিন প্রকার, আইসক্রিম পাগলী, চকলেট পাগলী, ফুচকা পাগলী। ",Neutral
ম্যা গরিব নেহি হু। আমাকে গরীব বলবা না। ,Neutral
"কোথায় আছ? ঠিক জানিনা, তবে এখন ৩০০ টাকার বাল্ব ১০০ টাকায় পাওয়া যায় কোম্পানির প্রচারের জন্য। ",Neutral
"জানিনা কবে আসবে সেইদিন ্েযইদিন কোন মেয়ে তার বান্ধবীকে, আমার ফেসবুক আইডি দিয়ে বলবে এই দেখ এটা আমার জানের আইডি। ",Neutral
"দুঃখ একটাই, সোনা তো দূরের কথা কেউ টিনভাঙ্গা বলেও ডাকে না। ",Neutral
"ক্রসফায়ারের নামে মেধাবী ছাত্র হত্যা আর মেনে নেয়া যায়না, এ জুলুমের অবসান চাই।",Geopolitical
ক্লাস থ্রি তে পড়–য়া নিব্বি যেভাবে তার নিব্বার রাগ ভাঙায়। ,Neutral
"গন্ধে আমার বমি আসতাছে, কি সুগন্ধি লাগাইছো রে ভাই? ",Neutral
রাতের বেলায় বাথরুম থেকে বেরিয়ে লাইট অফ করার পর। ,Neutral
"কোয়েল মল্লিকের সেক্স ভিডিও ফাস, বাচ্চারা দেখবেন না। ",Personal
"আদর কর নাহলে খাবো না, এমন একটা লাথি দেবো, সব ঢং বেরিয়ে যাবে। ",Personal
"চলো সবাই একটা করে দুঃখের কথা বলি, আমার বউ নাই। ",Neutral
২০০৬ সালের ২৮ অক্টোবর লাশের উপর নৃত্যকারী নরপশু বাপ্যাদিত্য বসুর ফাঁসি চাই। ,Political
সেটা ছিলো খুব বড় এক বিপদের সময়। ,Neutral
সব বন্ধ বন্ধ করে কি ক্ষমতা কুক্ষিগত রাখা যায়? ,Geopolitical
"পায়ের কাছে গাঁড় না মারিয়ে, এটা খা শালা। ",Personal
এরকম একটা মেয়ে যদি আমার বেটার বউ হইতো। ,Neutral
"অন্যান্য অভিনেতা/নেত্রিরা বিয়ে করে প্রয়োজনীয় শারিরীক চাহিদা মেটাবেন, কিন্তু সালমানের বেলায় এটা প্রযোজ্য নয়। ",Neutral
বাংলা সিনেমায় পায়ে পায়ে ঘসা লাগার পর। ,Neutral
"আমার  ফোনের ব্যাটারি টা প্রেগনেন্ট, তোরা সবাই একটু প্রার্থনা কর যেন একটা আইফোন হয়। ",Neutral
আমি ফেসবুক বিশ^বিদ্যালয়ের একজন নিয়মিত ছাত্র। ,Neutral
"বাইরে বৃষ্টি হচ্ছে, বউ বলে, বুঝছি আজকে আমার খবর আছে। ",Neutral
"খেলনার ভেতর চুম্বক আছে জানার পর আমি বলি, তোকে ভাঙ্গা ছাড়া আর উপায় নাই। ",Personal
রাজাকারদের বিভৎস যৌন নির্যাতন। কতটুকু জানেন? ,Political
"আগেই কইছিলাম, এই পোলা জিনিয়াস। ",Neutral
"ভারত এদেশের ভূমি দাবি করার সাহস পেয়েছে, কারন তারা এদেশের দালাল দেখেছে কিন্তু এদেশের দামাল ছেলে দেখেনি। ",Geopolitical
"এই শীতে জামাই চাই, জামাই চাই। ",Neutral
স্ত্রীরা চাইলেই স্বামীর বিরুদ্ধে রেপ কেস করতে পারবে। মিলনের আগেই নিতে হবে অনুমতি। ,Personal
"মেনশন করুন আপনার সেই ফ্রেন্ডকে, যাকে এর সাতে বিয়ে দিতে চান। ",Neutral
এই বানচোদ তোর চুল এমন ক্যান? ,Personal
নিকা করবি মাগি?  নিকা করবি ? করবি নিকা ? ,Personal
এবার বলো আজ পর্যন্ত কয়টা প্রেম করেছো তুমি?,Neutral
তুই শালা জাতীয় বেইমান।  তোরে আমি বিশ^াস কইরা ভুল করছি। ,Personal
তুই আইছোত কেন? তোরে তো আমি দাওয়াত দেই নাই। ,Personal
"মেয়েরা যেরকম ছেলেদের  সাথে প্রেম করে, তারপর যেরকম ছেলেকে বিয়ে করে। ",Neutral
"আমি সরকারি চাকরি করি, তোমার এই এক কথায় তোমার দোন আমি মুখে নিতেও রাজি। ",Personal
কয়েকদিন পর থেকেই সবাই ঈদের দাওয়াত দিবে কিন্তু কেউ ঠিকানা দিবে না। এ কেমন দাওয়াত। ,Neutral
আওয়ামী যৌথ গুন্ড বাহিনীর অভিযানের ভয়ে নিরাপদ আশ্রয়ের সন্ধানে এলাকা ছাড়ছে চাঁপাইনবাবগঞ্জের মানুষ।,Geopolitical
"এস,এস,এফের দাত ভাঙ্গার সাহস। দেশ এভাবে চলতে পারে না। ",Personal
ওরা আমার মুখের কথায় ট্যাক্স বসাতে চায়। ,Geopolitical
মন্টুকে তার মা বলেছিলো ভাই এর খেয়াল রাখবি। ,Neutral
শরীর নয় এডাল্ট টয় ঢুকিয়ে দিয়েছে আনুশকাকে। ,Personal
দিহানের বাসার সি.সি. টিভিতে পাওয়া গেল টানা দেড় ঘন্টা বিছানায় আনুশকা। ,Personal
"স্যার বই এনেছি, যদিও আমাদেও কোন ব্যাগ নেই। ",Neutral
বরিশালে থাকেন? তাহলে তো নিশ্চয়ই অনেক কিউট আর ভালো মনের মানুষ আপনি। ,Neutral
"বিড়িখোর মহসিন আলীর ঔদ্ধত্য, বোরখা পরে কলেজের ছাত্রী হতে পারবে না।",Geopolitical
একদিন হঠাৎ করে আই মিস ইউ চলে গেলো তাহলে ঘরে কে থাকলো? ,Neutral
"ভাঙা সংসার ঠিকঠাক ভাবে জোড়া লাগিয়ে দেয়ার পর, রুপা। ",Neutral
"আমার সাদা মনে একটাই প্রশ্ন নারী পুরুষের তো সমান অধিকার তাহলে শাড়িতে ব্লাউজের পিস দিলে, লুঙ্গি তে জাঙ্গিয়ার পিস দেবে না কেন ? ",Neutral
নারদ কেন ভগবানকে অভিশাপ দিয়েছিলেন? ,Personal
"তেমন কিছু না, সাজেক নিয়ে পোস্ট দিয়ে নিজকে একটু ক্লাসিক ভাবানোর জন্য আসছি। ",Neutral
এই মালডা কার জামাই? চুপচাম ম্যানশন করুন। ,Personal
সুন্দরীকে দেখে তাকে নিয়ে সারাদিন-রাত বাসর রাতের স্বপ্ন দেখতে থাকা আমি। ,Neutral
"বাইরে থেকে এসে দেখি খাটে বউ নাই, অনেক খোঁজাখুঁজির পর মনে হইল দূর বিয়াই তো করি নাই। ",Neutral
আনুশকা ও দিহানের বয়স নিয়ে গভীর ষড়যন্ত্র শুনলে অবাক হয়ে যাবেন। ,Personal
বৃষ্টি ভেজা স্কুলের দিনগুলো আজও মনে পরে যায়। ,Neutral
"যখন কোন নিব্বা প্লে বয়কে বলে, দেহ পাবি মন পাবি না। ",Personal
"পুত্র সন্তান এক বংশের প্রদীপ হলে, কন্যা সন্তান দুই বংশের প্রদীপ। ",Neutral
"সাইন্স এর ছাত্রীদের ভবিষ্যৎ, আর্টস এর ছাত্রীদের ভবিষ্যৎ আর কমার্সের ছাত্রীদের ভবিষ্যৎ। ",Neutral
"তেমন কিছু না, পাত্রীপক্ষের বাসায় পাত্রীকে দেখলাম। ",Neutral
"আজকালকার মেয়েদের অবস্থা, মেকাপের আগে আর মেকাপের পরে। ",Neutral
কোনোদিনও ভেবেছিলে ফেসবুকে আমার মতো এতো ভালোমানুষের সঙ্গে তোমাদের পরিচয় হবে। ,Neutral
মনে পড়ে শাহবাগের সেই গাঞ্জার আড্ডা আর চাঁদাবাজির দিনগুলি। ,Personal
রাস্তায় বিড়াল দেখার পর যখন আমি ম্যাও ম্যাও করা শুরু করি। ,Neutral
পাত্রী চাই। সুন্দর পাত্রীর প্রত্যাশায় এই বিজ্ঞাপন। ,Neutral
"ফেইক আইডি দিয়া এক্সের সাথে কথা না কইলে জানতেই পারতাম না যে, আমি দুই বছর আগে এক্সিডেন্ট এ মারা গেছি। ",Neutral
আমার বেষ্টি কোথাও যাওয়ার আগে আর ঘুম থেকে উঠার পরে। ,Neutral
"বিজেপি কে শূণ্য করে দিবো, প্রতিষ্ঠা দিবসে হুকার তৃণমূল নেতার। ",Personal
যখন পরীক্ষার হলে পকেট নাড়াচাড়া করি। সেটা নকল কি দেখার জন্য মেডাম পকেটে হাত দিয়ে ভুলে টুনটুনি তে হাত দিয়ে ফেলে তখন। ,Neutral
ভাই বোনের ভালোবাসা।  এরকমই হয় ভাই বোনের ভালবাসা। ,Neutral
প্রকৃত একজন ভালোবাসার মানুষ পাওয়া সবার ভাগ্যে থাকে না। ,Neutral
যেভাবে জিতে গেলো কুত্তা মোদির বিজেপি। ,Political
"ইসলাম ধর্ম নিয়ে ঢাবি শিক্ষকের দৃষ্টতা। আসসালামু আলাইকুম, আল্লাহ হাফেজ বলা জামায়াত ও জঙ্গিবাদের শিক্ষা। ",Religious
"জনাব এখন বাংলাদেশে কি চলতেছে? এখন বাংলাদেশে চ্যাট লিস্টে এর ১ম, ২য় ও ৩য় ব্যাক্তির মিম চলতেছে। ",Neutral
বাংলাদেশের প্রগতিশীল মেয়েরা। ,Neutral
"যে পন চায়, তাকে ভিক্ষা দিন মেয়ে নয়|",Neutral
খানকিদের জন্মঠিক এভাবেই।  শালাগোরে আমি জুতা পিডা করমু। ,Personal
"আমার যেকোনো ধরনের খুশির সংবাদ পাওয়ার পর, আমার বন্ধু সমাজ, ট্রিট দে । ",Neutral
"বিকৃত স্টাইলে ধর্ষণের কারনে মারা গেছে, মাস্টারমাইন্ড স্কুলের ছাত্রী আনুশকা নুর আমিন। ",Personal
চিত্রাঙ্কন আমার ভালোবাসা। তাইতো প্রতিদিন চিত্রাঙ্কন করা উচিত। ,Neutral
"দুই স্ত্রীর কাছে ৩ দিন করে থাকবে স্বামী, আর একদিন অফ ডে। ",Neutral
রোহিঙ্গাদের নির্বিচারে হত্যার নির্দেশ ছিল রাখাইনে। আইসিসিতে দুই সেনা কর্মকর্তার স্বীকারোক্তি। ,Geopolitical
"হালার-পো হালা, আজ তোর একদিন, কি আমার একদিন। ভোট না দিয়া যাবি কই? ",Geopolitical
কেউ যখন এসএসসি কে সসচ বলে। ,Neutral
শুনলাম তুমি নাকি প্রেম করো? ঘটনা কি সত্যি?,Neutral
আঃলীগের দেয়া তথ্যের ভিত্তিতে তারাই সবচেয়ে বড় যুদ্ধাপরাধী রাজাকারের দল। ,Political
"জানলার পাশে শব্দ হওয়ায় আমি, এই কেরে ? ",Neutral
দেশকে আফগান বানালে তালেবান হওয়া স্বাভাবিক।,Geopolitical
"কি দিন আসলো রে ভাই, সবাই দেখি দিন দিন ফর্সা হয় আর আমি দিন দিন চকলেট কালার হইতাছি। ",Neutral
"‘আমার আর জীবনে বিয়ে হবে না , এইটা ভেবে লোকালয় ছেড়ে সন্ন্যাস হওয়ার প্রতিজ্ঞা করে বাড়ি থেকে বের হয়ে এলাম। ",Neutral
"মেহেদী নামের ছেলেগুলা, হাজারো মেয়ের জীবন নিয়ে খেলা করে।",Neutral
"নৌকা ভর্তি গুমের লাশ, কোন সাহসে ভোট চাস! ",Geopolitical
চাঁপাইনবাবগঞ্জে একটি ট্রলি খাদে পড়ে ৯ জন লোক নিহতের ঘঁনায় গভীর শোক প্রকাশ। ,Personal
আওয়ামীলীগের অনেক গুন তার মধ্যে অন্যতম দিনে-দুপুরে মানুষ খুন। আর কত রক্ত চাই খুনি হাসিনার? ,Geopolitical
অহংকার সবসময় নিজেরই বোঝার কারণ হয়ে দাড়ায়। ,Neutral
তুর্কীর ড্রোনের সময় শেষ এস-৩০০ কে ধ্বংস করলো। ,Geopolitical
মন্ত্রী মোশাররফই ধ্বংস করেছেন বাংলাদেশের শ্রমবাজার।,Geopolitical
রিকশায় চেপে ঢাকনা দিয়ে খারাপ কাজ করা হারাম। ,Religious
শিক্ষা মন্ত্রণালয়। এই হল তার বর্তমান অবস্থা। ,Neutral
"শিকলের পরা মালা, গান গেয়ে তাক লাগিয়ে দিলেন তাহেরি হুজুর। ",Neutral
রাজাকারের তালিকায় রাউজানের সাংসদের বাবা। ,Political
"রক্ত যখন খেয়েছি, রক্ত আরো খাবো এদেশকে ভারতের অঙ্গরাজ্য বানিয়ে ছাড়বো। ",Geopolitical
তোমার খোলা হাওয়ায়। আমি ঘুরে ঘুরে যাই। ,Neutral
সিটি কলেজের শিক্ষক ছাত্রদের পড়তে ডাকছেন। ,Neutral
"পুরা কথা ডা তো কইতে দিবা, আচ্ছা যাও ঘুমাইতাছি|",Neutral
তোরে  তো দাওয়াত দেইনা মাগির পুত। ,Personal
চুমো দিয়ে নারীর গালের ইনফেকশন চেক করলেন পপুলারের ডাক্তার । ,Neutral
"পরে যখন আমি বলি, না ভাই, আমার কাছে কোনো লিংক হবে না তখন, তাইলে তোমারে দিয়া আমার কি বালের কাম।  ",Neutral
আওয়ামী সন্ত্রাস ও অরাজকতায় ধ্বংসের মুখে দেশ ও জনগনের শান্তি ও নিরাপত্তা। ,Geopolitical
মস্তিষ্ক হলো এমন একটা জিনিস যেটা সারাজীবন আমাদের চালায় কিন্তু পরীক্ষার সময় হলেই শালা কাজ করা বন্ধ করে দেয়। ,Neutral
"কাটা ঘা, নুন আর পাশের বাড়ির আন্টি। মানে কাটা ঘায়ে নুনের ছিটা। ",Personal
আব্বার কাছে বিয়ের কথা বলায় প্রতিবার কেলানি খাওয়ার পরেও যখন আর একবার বলতে যাই। জানি হোগায় লাথি খেতে হবে তাও একটা শেষ চেষ্টা করব। ,Personal
"ওয়াসরুমে গিয়ে এত ঠান্ডা পানি দেখার পর আমি, মারছেরে হোগা। ",Personal
মালাউন গালির জবাব দিবে হিন্দু জাতি। ,Religious
"চীন-ভারত সীমান্তে উত্তেজনা ও যুদ্ধ, একটি ভু-রাজনৈতিক পর্যালোচনা। ",Geopolitical
"ঘোর সাম্প্রদায়িক ও উগ্র ধর্মান্ধ সংগঠন হিন্দু, বৌদ্ধ, খ্রিষ্টান ঐক্য পরিষদ বাংলাদেশে নিষিদ্ধ ঘোষনা করা হোক। ",Religious
"আম্মুর সামনে যখন বন্ধুর বউয়ের প্রশংসা করি তখন আম্মু বলে, তোর কি এখন বিয়া করা লাগবে? ",Neutral
"আওয়ামীলীগের মহসিন আলীর বক্তব্য অনুযায়ী তার ২ মেয়ে খবিশ সাংবাদিক, এরা জমুনা টিভিতে কাজ করে।",Personal
ধর্মভিত্তিক রাজনীতি নিষিদ্ধ ঢাকা বিশ^বিদ্যালয়ে। ,Political
এই ধরনের পোষ্ট করার জন্যই কি আপনাদেরকে মোবাইল ফোন দিয়েছিলাম। ,Neutral
দেশকে দুর্নীতিতে চ্যাম্পিয়ন করে কালো টাকার পাহাড় গড়েছেন তারেক।,Geopolitical
"ভাঙা সংসার ঠিকঠাক ভাবে জোড়া লাগিয়ে দেয়ার পর, রুপা, এই শহরে আমার মতো গৃহিনী আর একটাও নাই। ",Neutral
"বল্ট নারী সম্পর্কে কিছু বলোতো, বড়ই অদ্ভুত এই নারীকুল। ",Neutral
"ফেসবুক চালানোর সময় যখন দেখা যায় দারাজ অ্যাপস বলে, তোর কি ব্রা লাগবে?",Personal
বাড়ি আছে থাকতে পারেন না। ,Neutral
"প্রিয় আত্মীয়রা, রেজাল্ট জানতে চাওয়ার কিছু নেই ভালো হলে কর্তৃপক্ষ নিজ দায়িত্বে জানিয়ে দিবে। ",Neutral
সে সব কিছু জানতে পারায় হতভম্ব হয়ে যাওয়া আমি। ,Neutral
যখন কারো বাসায় দাওয়াত খেতে যাই কিন্তু তাদের কাউকে চিনি না। ,Neutral
"ডাকাতি হয় যখন বাসে, তখন বাসের লোকেদের অবস্থা। ",Personal
"বিউটি পার্লার এক আজব যাদুর কারখানা, যেখানে জরিনা প্রবেশ করে, আর বের হয় ক্যাটরিনা হয়ে। ",Neutral
"২৫ বছর বয়সী আমি যখন জানতে পারি, ২০ বছর বয়সী মামাতো ভাইয়ের আজকে বিয়ে, তখন ২৫ বছরে কোন বালডা ছিড়লাম ভাবা আমি। ",Neutral
আন্টি আম্মু কি বাসার চাবি দিয়ে গেছে? ,Neutral
তারপর ঐ মেয়ে ও তার স্বামীর ডিভোর্সের ব্যাপারে বড়ভাই একটা বুদ্ধি বের করলো। ,Neutral
যখন আমার বন্ধুর এক্স তার সামনেই শোঅফ দেখাতে গিয়ে পড়ে যায়। ,Neutral
"আমি তোর চেইন চাইনা মাগী, পেঁয়াজ দে মাগী। ",Personal
আজ এ পর্যন্তই তবে ভালো লাগলে রিয়েক্ট দিয়েন।,Neutral
"তোমায় নিয়ে কেমনে বাধিব ঘর, ১০০ টাকা রিচার্জে ২৭ টাকা কর। ",Neutral
"গার্লফ্রেন্ড কে কিছু দিতে চাইলে লিপিস্টিক গিফট করুন,  কারণ ওটা অন্তত ৫০% ফেরত পাওয়া যাবে। ",Neutral
"এতক্ষণ আল্লারে গাঞ্জা খাওয়াইতাছিলেন, এখন দেখি তারে দিয়া পু মারাইতাছেন। ",Religious
এত বড় জাহান্নাম আল্লাহ এদেরকে দিয়েই পরিপূর্ণ করবে। ,Religious
ভারতে মুসলমান খেদাও আন্দোলনের নামে প্রচার করা হচ্ছে মুসলিম বিদ্বেষী পোস্টার-লিফলেট।,Religious
"কামরুলের আশঙ্কা, বিএনপি নির্মুল না হলে আওয়ামীলীগের অস্তিত্ব বিপন্ন হবে।",Geopolitical
"একটা দুইটা নাস্তিক ধর, ধইরা ধইরা জুতা পেটা করে দেশ ছাড়া কর। ",Religious
"তারপর কোনো কিছু বুজানোর আগেই আব্বু আমারে  একটা মাইর দিলো আর বললো, ঘুমা তারাতারি। ",Neutral
"জুতা দিয়ে পিটালো রানু মন্ডলকে, অহংকার করে এইবার বিপদে রানু। ",Personal
"বন্ধুর কথায় নাক বন্ধ করে বলছিলাম, চুন দে। ",Neutral
শিয়া মতবাদ হলো মূলতঃ ইহুদী মতবাদের দ্বিতীয় সংস্করন। ,Religious
ক্লাসে সুন্দরি ম্যাডামের আগমন ঘটলে লুচ্চা ছাত্রদের অবস্থা। ,Personal
"বলতে হবে না, পার্ট-২ আসবে, শুধু অপেক্ষা করুন। ",Neutral
ভাঙ্গড় চন্ডিপুরের বুকে প্রমাণ করে দিল দেড় লাখ মানুষের সামাগম করে। ,Political
পর্ণ ভিডিও দেখে যখন দেখি চাচাতো ভাই আমার আম্মুকে বিচার দিতে যায়। ,Neutral
"তোদের তো আমি এবনরমাল ভাবতাম, এখন তো দেখি তোরা পাগল।",Personal
"যেখানে নাস্তিক, সেখানে জুতা মার।",Religious
দিহানের তিন বন্ধুর ভাগ্য ফরেনসিক রিপোর্টের উপর ঝুলে আছে। ,Personal
চাঁদাবাজ আকবরের পদে এসআই জুয়াড়ি শাহিন পরে বদলি। ,Personal
সাবেক ছাত্রলীগ নেতা সিইসির পদত্যাগ চাই। ,Geopolitical
কসাই সেনাপ্রধানের রোহিঙ্গা গণহত্যায় সমর্থন কসাই সুচির।,Geopolitical
"যখন আব্বু ও ভাইয়া দুজনে হঠাৎ এসে বলে, ফাহিম তোর জন্য বাইরে একটা সারপ্রাইজ অপেক্ষা করছে। গিয়ে দেখে আয়, তখন। ",Neutral
তারপর আর কি? দুজন একসাথে সুখের সংসার শুরু করলাম। ,Neutral
পড়ালেখা পুটকি দিয়ে ঢুকিয়ে দেবো।,Personal
"যখন পরিক্ষায় সবাই এক্সটা পেইজ নেওয়া শুরু করে,  কিন্তু আমার তখনো ১ম প্রশ্নের উত্তর লিখা শেষ হয়নি। ",Neutral
"আমরা যে জায়গায় ঢুকি, ওইটাই ছারখার কইরা দেই।",Personal
যখন সারা দিন জীবনে নানা ধরনের বাঁশ খাবার পর টিভি ধরিয়ে দেখি থ্রি-ইডিয়ট চলতেছে। ,Neutral
"শিশু হসপিটালেও এত বাবু থাকে না, মেয়েদের ইনবক্সে যতগুলা বাবু থাকে। ",Neutral
"মাঝে মাঝে নিজেকে আয়নায় দেখে আমি অবাক হই, এই যুগে এখনো একজন ভালো মানুষ আছে। ",Neutral
"এটা খাদ্য না, এটা অত্যাচার|",Neutral
ফ্রান্সে স্কুলশিক্ষকের হিং¯্র হত্যা ও মুসলমান-বিরোধী ভয়ঙ্কর ঘৃণা অভিযান। ,Geopolitical
"আপনার গু কোন শিল্পকর্ম নয় যে সবাইকে দেখানো লাগবে, দয়া করে পর্যাপ্ত পরিমান পানি ঢালুন। ",Neutral
"গার্লফ্রেন্ড যখন ইচিং বিচিং কাজ করতে রাজি না হয়, বয়ফ্রেন্ড বলে, তাইলে তোমারে দিয়া আমার কি বালের কাম শুনি?",Neutral
যাদের কথা ও কাজের মিল নেই তারা আল্লাহর নিকট ঘৃনিত। ,Personal
"ব্রেকাপের চেয়ে কষ্ট আর কিছুই হতে পারে না, এ বছর আমাদের ব্যাডমিন্টন মাঠ নেই। ",Neutral
"বাবা মার পছন্দ করা বউ, আর প্রেম করে বিয়ে করা বউ। ",Neutral
"হারকিউলিস যখন ধর্ষক খুজে পায়, খারকির পোলা তোরে আমি খুইজা বেড়াইতাছি। ",Personal
"তেমন কিছু না, আমর কলেজ পড়–য়া বন্ধু ক্লাস সিক্স এর নিব্বির জন্য হাত কেটে ফেলেছে। ",Neutral
"তারপর শুরু হয় প্রেম, আই লাভ ইউ। ",Neutral
"দাদার দেশ ভারত যাচ্ছি, তা দিদি খেয়ে এসেছেন? না , যেয়ে খাবেন ? ",Geopolitical
"রাজধানীর গেহুারিয়ায় মসজিদ নির্মাণে হিন্দুদের বাধা, এলাকায় টানটান উত্তেজনা। ",Religious
"যখন দেখবে কলকাতার দাদারা আমার প্রশংসা করছে, তখনই বুঝবে যে আমি আমার দেশের বিরুদ্ধে কাজ করছি। ",Geopolitical
মাস্ক না পরলে তোরে কুইট্টালবাম। ,Personal
"আনুশকা ধর্ষনের গোপন ভিডিও, সেক্স টয়ের ব্যবহার। ",Personal
তোর মুখে আমি মুইতা দিমু। কুত্তার বাচ্চা!,Personal
ভাবলাম ফ্রেন্ডদের কথা শুনে ঐ মেয়েকে স্যরি বলে একটু ভাব করে আসি। ,Neutral
যুবলীগ-প্রভাবশালী যোগসাজশে ১৪ হিন্দু পরিবার উচ্ছেদ। ,Geopolitical
"মৃত্যুর আগে খাটে বসে যে ৩ টি কথা বলেছিলো আনুশকা, আমার পিছনে দিও না। ",Personal
ইফ যদি ইজ হয় বাট কিন্তু হোয়াট কি? ভাবতে থাকা ৭ বছর বয়সী আমি। ,Neutral
"শীতকালীন ছিনতাই, যা কিছু আছে দিয় দে নইলে পানি দিয়া ভিজাইয়া দিমু কিন্তু। ",Neutral
ফুলের পাশে তোমার ঐ বালের থোবরা দেখতে ইচ্ছুক নই।,Personal
তিনদফা মাইর খাওয়ার পর আমি । ,Neutral
"ঢাকাকে মাত্র দুই ভাগে ভাগ করা হয়েছে, মেজাজ খারাপ হলে কিন্তু টুকরা টুকরা করে ফেলবো। ",Political
বিবাহযোগ্য বেকার যুবকদের বিবাহের জন্য মুক্ত হস্তে দান করুন। ,Neutral
ধর্মকে ভিত্তি করে কোন রাজনৈতিক দল হতে পারেনা- তারেক। মাদরাসা ও মাদরাসা ছাত্র কমানোর কাজ শুরু করে দিয়েছি- জয়। পার্থক্য নেই। ,Geopolitical
যার মান আছে তারেই ফ্রেন্ডস ভালো বাসে ফ্রেন্ডস। ,Neutral
দুষ্ট নারী হহতে সাবধান। তোমাকে ধংস করে দিবে। ,Neutral
"বাসে, ট্রেনে উঠতে মানিব্যাগ মোবাইল সাবধানে রাখবেন। ",Neutral
"যাবোনা কালকে, কেনো? কার বাচ্চা? কুত্তার বাচ্চা ওটা থার্মোমিটার আমার। ",Neutral
"বাবা ছিল কম্বল চোর, আমি হলাম ভোট চোর। ",Geopolitical
"অনেকদিন পর ব্যাটিং পাইছি,  এত্তগুলা আনন্দ লাগতেছে। ",Neutral
"ওরা কুকুরের গলায় আর আমরা বুকে, তারপরেও তার দেশপ্রেমী আর আমরা দেশবিরোধী। ",Geopolitical
"এই কনকনে ঠান্ডার মধ্যে যখন আমি নিয়মিত গোসল করি, তখন আমার পরিবার। ",Neutral
"সাবাস মেক্রোকে হত্যা করে জেলে যেতে চাই, আলোচিত সেই বক্তব্য। ",Personal
"এখন ছোট ভাইকে মানাইতেছি, যাতে সে মাকে না বলে। ",Neutral
জাতীয় পতাকাকে পবিত্র জায়নামায বানিয়ে মান বাড়িয়েছেন? নাকি জাতীয় পতাকাকে কুত্তার গায়ে জড়িয়ে মান বড়িয়েছেন। ,Geopolitical
"জিয়া জিয়ারে জিয়ারে, চুপ থাকো বেয়াদব কোথাকার। ",Personal
পোলাপান খালি শয়তানি করে। ওদের কিভাবে শায়েস্তা করা যায়?,Personal
ভাই যা বলে সবকিছুর সাথে সহমত হওয়ার সংস্কৃতিকে কী বলে? এগ্রিকালচার। ,Neutral
শশুর বাড়িতে জামাই কে কেন আদর করে কেন? কারন তারা জানে এই ব্যক্তিই তাদের কাল বৈশাখীকে সামাল দিয়ে রেখেছে। ,Personal
আমি ঢুকার আগেই উনি ঢুইকা দিয়া ফালাইসে। ,Personal
"বড় ভাই যখন বলে, তোকে ডাস্টবিন থেকে কুড়িয়ে এনেছি, তখন আমি মনে মনে বলি, বড় হলে আমি ঠিকই আমার আসল মা-বাবাকে খুঁজে বেড় করব। ",Neutral
আওয়ামীলীগ আর ভারতের যৌথ কুট চালে দেশের মানুষের শেষ। ,Geopolitical
২০২০ সালের মধ্যেই ভারত দখল করবে আই এস।,Geopolitical
দালাল মিডিয়ার দালালী দেখে অবাক লাগে। ,Personal
"তারপর বন্ধুদের বললাম, ওসব জাগায় যাওয়ার কি দরকার অযথা ভয় পাবি খালি, চল তার চেয়ে শিশু পার্কে যাই। ",Neutral
"কুকুর বেড়াল মেরনা, নাস্তিক পেলে ছেড় না। ",Religious
"ইসলামবিরোধী প্রোপাগান্ডায় লিপ্ত ভারতীয় কুখ্যাত দালাল শ্রেণী, যাদের ইচ্ছা ভারত হবে মুসলিমবিহীন রাষ্ট্র। ",Religious
আজ ডাকসু অফিসে নুরদের উপর হামলাকারী ইস্কন সদস্য সনজিত চন্দ্র দাস ঢাকা বিশ^বিদ্যালয় শাখা ছাত্রলীগের সভাপতি। ,Political
"তেমন কিছু না, এই পাঁচশত টাকার চুরির ব্যাপারটা চাচাতো ভাইয়ের ঘাড়ে চাপিয়ে দেয়ার প্লান করলাম। ",Neutral
"তোর কপালে জুতার বারি, হারামি।",Personal
পঙ্গপালকে বলে দিও। বাংলাদেশে আসার দরকার নেই। এদেশে যা খাবার ছিলো সব বঙ্গ বাল এ খেয়ে নিয়েছে। ,Political
"উহারা কেউ জানে না কিসের মূর্তি বসছে, জানে না মূর্তিটির নাম কি? মূর্তিটি গ্রিক ধর্মের কিসের দেবী তাও বলতে পারছেন না, তবুও মুসলমানদের বিরোধীতা করতে মূর্তির পক্ষে বলতে হবে এট্ইা হলো কথা। ",Religious
কোন পথে বাংলাদেশ? প্রতিদিনই নিখোঁজ হচ্ছে মানুষ উদ্ধার হচ্ছে লাশ।,Geopolitical
তুমি সরকারি চাকরি না পেলে আমার ফ্যামিলি মেনে নেবে না । আর পেলে আমার ফ্যামিলি মেনে নিবে না। ,Neutral
৩ দিন না খেয়ে থাকুন সমাজ আপনাকে দেখবে না। ১ দিন অন্যায় করেন সমাজ আপনাকে নিয়ে বিচার বসাবে। ,Neutral
কি দিনকাল এলো? যেটা পকেটে থাকার কথা সেটা হাতে আর যেটা হাতে থাকার কথা সেটা পকেটে। ,Neutral
"সকাল এ বন্ধু আমারে ডাকতে আইলো, আইসা পরছি মামা তারাতারি চল। ",Neutral
"আজ নিজেকে আয়নায় দেখলাম, তারপর মনে হল, হ্যাঁ পৃথিবীতে এখনো নিস্পাপ লোক বেঁচে আছে। ",Neutral
বলদ পিটিয়ে সোজা করার কোন রেকর্ড থাকলে এসব বলদদের পিটিয়ে সোজা করার টেহুার দেয়া লাগতো সরকারীভাবে।,Personal
সুতিয়ে লাল করে দেব। পাচা গরম করে দেব। ,Personal
এ হায়েনাগুলো কোন মাদ্রাসার ছাত্রদের ছবি বলবেন কি? ,Personal
"আম্মা, ছ্যাকা খাইছিৃ কি করুম এখন? এখন ডিমের সাদা অংশে পুদিনা পাতা দিয়ে নেরে নিতে হবে। ",Neutral
"মাঝি পেঁয়াজ আনছো? পেয়াজ, কাচামরিচ দিয়া পান্তা খামু। না কপিলা ঐগুলা বড়লোকের খাবার। আমরা তো কাচ্ছি খামু। ",Neutral
লেডি কিলার রোমিও। পাক্কা প্লে বয় রোমিও। ,Neutral
খাল কেটে কুমির আনা বিয়ে।  কুমিরের সাথে সেলফি। ,Neutral
সূচির গলায় ফাঁসির দড়ি লাগানো হবে। ,Geopolitical
"সেই শিক্ষার কোনো দাম নেই, যেই শিক্ষায় মনুষ্যত্ব শেখায় না। ",Neutral
আম্মু ৩০ মিনিট ধরে মাইর দিছে আর আব্বু বেডরুম থেকে ধমক দিছে। ,Neutral
"যখন তুমি মজা করে বিরানী খাচ্ছো, কিন্তু হঠাৎ করে এলাচি এ কামর পরে।  ",Neutral
পেতিœ মাথার উপরে মুতে দেয় প্রসাব খুব গন্ধ। ,Personal
আমি পরিক্ষা ছারা রেজাল্ট দিলেই দোষ। ,Neutral
"যখন ২৪ বছরের ছেলে হয়েও বিসিএস ক্যাডার, তখন সবাই বলে, ভিতরেও স্ট্রং, বাইরেও স্ট্রং। ",Neutral
যে ঔষধ খেলে মেয়েরা সহবাস করার জন্য পাগল হয়ে উঠে। ,Personal
এইমাত্র যুবলীগের নেতাকে বেধরক পেটালো বিএনপি। ,Political
জুমার রাত তখা বৃহস্পতিবার দিবাগত রাতে দোয়া কবুল হয়। ,Neutral
"করোনাকালীন সময়ে ফুচকাওয়ালা যখন স্বাস্থ্যবিধি মেনে হাত প্রতিবার স্যানিটাইজ করে,মিনারেল ওয়াটার ব্যবহার করে ফুচকা বানায় আর কাস্টমার জিজ্ঞেস করে,আগের স্বাদ নই কেন মামা?",Neutral
"এক আনুশকার মৃত্যু, হাজারো আনুশকা ভাদ্র মাসের কুকুর হয়ে গেছে। ",Personal
বাংলাদেশী দালাল এবং ইন্ডিয়ান মডারেটরদের ওরে গালাগালি । ,Geopolitical
গার্লফ্রেন্ড কে আধ ঘন্টা শুধুমাত্র কিস করার দোনের যে অবস্থা হয়। ,Personal
যৌবন দেখিয়ে কলেজ কাপানো মেয়েটি আজা মাতাল স্বামীর অবহেলার পাত্রী। ,Neutral
"সবারই স্কুল জীবনে একদিন প্রেম আসে, আমারও এসেছিল,  কিন্তু দুঃখের বিষয়, সেদিন আমি স্কুলে যাইনি। ",Neutral
"ছাত্র যখন বলে তার বাড়ি ভ্রাহ্মনবাড়িয়া আর স্যার তাকে বানান করতে বলে, তখন ছাত্র বলে, স্যার আমরা এখন ঢাকা থাকি। ",Neutral
বাংলাদেশ ব্যাংকের টাকা লোপাট চুর্নিকে আগেই জানানো হয়েছে বলে জানালেন গভর্ণর আতিউর। ,Political
আপনার টাকায় আপনার হত্যাকারীর নাম পুলিশ। ,Personal
"জি¦ স্যার বুঝছি, আমাকে বুঝাও কি বুঝছো? ",Neutral
মায়ানমারে মুসলিম গণ হত্যা বন্ধ করা হউক। ,Geopolitical
তাই সে এ সম্পর্ক কিছুতেই মেনে নেয় না। ,Neutral
আমি নিজেও বিয়ে করব না আর আমার সন্তানদেরও বিয়ে করতে দেব না। ,Neutral
"প্রতি মা, যা চায়। তা সব সময় হয় না। ",Neutral
"পরকিয়ার অভিয়োগে স্ত্রীকে গলা কেটে হত্যা, তবুও বন্ধ করা হবে না ভারতের চ্যানেল।",Personal
স্ট্যাচু অফ লিবার্টি যদি বাংলাদেশে হইতো। ,Neutral
"যখন ভিড়ের মধ্যে পকেটমার অনেক কষ্টে আমার পকেটে হাত ঢুকিয়ে পকেট মেরে একটা ছিড়া ২ টাকার নোট ছাড়া কিছুই পায় না, এ আমি কিতার মধ্যে হাত ঢুকাইতেসি। ",Personal
কখনো এই চিন্তা মাথায় স্থান দিবা না।,Personal
"মন খোলো, পৃথিবী খুলে যাবে। আমি তো সব খুলে ফেলেছি, পৃথিবী খোলে না কেন? ",Personal
জামাইকে জামাই আদর করতাছি। ,Neutral
"রিমান্ডের মাইরে নিজের মুখে দিহান কি সব বলছে দেখুন, আনুশকার লাশ কোথায় গেলো? ",Personal
"আনুশকাকে ধর্ষন পুর্বপরিকল্পিত, জিঙ্গাসাবাদে দিহান। ",Personal
মতিঝিলের ফুটপাতে চাদাবাজির চিত্র। দেশটা রসাতলে গেল। ,Personal
"কি ব্যাপার তোমরা লেখা বন্ধ করে গল্প করছো কেন?  ম্যাম প্রশ্নে লেখা আছে, পলাশীর যুদ্ধ সম্পর্কে আলোচনা করো, তাই সবাই মিলে আলোচনা করছি। ",Neutral
প্রশ্ন শোনার পর রুপা। আমি তো জীবনে এমন প্রশ্ন শুনি নাই। ,Neutral
"ঘটক: তোমার জিপিএ কত? পাত্র: তু খিচ মেরি ফটো, ম্যায় জে এস সি পাশ অটো। ",Personal
"নায়ক যখন অনেক গরীব, কিন্তু নাইকার বাবা অনেক ধনী। ",Neutral
"পৃথিবীতে একটাই সমস্যা, সেটা হলো বউ। কেউ নিয়ে আসার জন্য কাঁদছে আর কেউ নিয়ে এসে কাঁদছে। ",Neutral
"আমাদের কাহিনীর মধ্যে ভুত, আমার দিকে একটু ফোকাস দিও। ",Neutral
"কয়েক মিনিট পর পর রবি কোম্পানি, তোর কি ইন্টারনেট অফার লাগবে?",Neutral
"মিজানুরের দুই গালে,  জুতা মারো তালে তালে। ",Personal